state_code,area_code,measure,area,dt,value,last_yr_value,change,per_change
18,IM1843780000000,Unemployment Rate,"South Bend-Mishawaka, IN-MI Metropolitan Statistical Area, IN part (U)",2019-01-01,4.4,NA,NA,NA
18,IM1843780000000,Unemployment Rate,"South Bend-Mishawaka, IN-MI Metropolitan Statistical Area, IN part (U)",2019-02-01,4,NA,NA,NA
18,IM1843780000000,Unemployment Rate,"South Bend-Mishawaka, IN-MI Metropolitan Statistical Area, IN part (U)",2019-03-01,3.8,NA,NA,NA
18,IM1843780000000,Unemployment Rate,"South Bend-Mishawaka, IN-MI Metropolitan Statistical Area, IN part (U)",2019-04-01,3,NA,NA,NA
18,IM1843780000000,Unemployment Rate,"South Bend-Mishawaka, IN-MI Metropolitan Statistical Area, IN part (U)",2019-05-01,3.2,NA,NA,NA
18,IM1843780000000,Unemployment Rate,"South Bend-Mishawaka, IN-MI Metropolitan Statistical Area, IN part (U)",2019-06-01,3.7,NA,NA,NA
18,IM1843780000000,Unemployment Rate,"South Bend-Mishawaka, IN-MI Metropolitan Statistical Area, IN part (U)",2019-07-01,4,NA,NA,NA
18,IM1843780000000,Unemployment Rate,"South Bend-Mishawaka, IN-MI Metropolitan Statistical Area, IN part (U)",2019-08-01,3.8,NA,NA,NA
18,IM1843780000000,Unemployment Rate,"South Bend-Mishawaka, IN-MI Metropolitan Statistical Area, IN part (U)",2019-09-01,3.2,NA,NA,NA
18,IM1843780000000,Unemployment Rate,"South Bend-Mishawaka, IN-MI Metropolitan Statistical Area, IN part (U)",2019-10-01,3.4,NA,NA,NA
18,IM1843780000000,Unemployment Rate,"South Bend-Mishawaka, IN-MI Metropolitan Statistical Area, IN part (U)",2019-11-01,3.4,NA,NA,NA
18,IM1843780000000,Unemployment Rate,"South Bend-Mishawaka, IN-MI Metropolitan Statistical Area, IN part (U)",2019-12-01,3.4,NA,NA,NA
18,IM1843780000000,Unemployment Rate,"South Bend-Mishawaka, IN-MI Metropolitan Statistical Area, IN part (U)",2020-01-01,4,4.4,-0.40000000000000036,-0.09090909090909098
18,IM1843780000000,Unemployment Rate,"South Bend-Mishawaka, IN-MI Metropolitan Statistical Area, IN part (U)",2020-02-01,3.6,4,-0.3999999999999999,-0.09999999999999998
18,IM1843780000000,Unemployment Rate,"South Bend-Mishawaka, IN-MI Metropolitan Statistical Area, IN part (U)",2020-03-01,3.6,3.8,-0.19999999999999973,-0.052631578947368356
18,IM1843780000000,Unemployment Rate,"South Bend-Mishawaka, IN-MI Metropolitan Statistical Area, IN part (U)",2020-04-01,20.4,3,17.4,5.8
18,IM1843780000000,Unemployment Rate,"South Bend-Mishawaka, IN-MI Metropolitan Statistical Area, IN part (U)",2020-05-01,13.1,3.2,9.899999999999999,3.0937499999999996
18,IM1843780000000,Unemployment Rate,"South Bend-Mishawaka, IN-MI Metropolitan Statistical Area, IN part (U)",2020-06-01,13.3,3.7,9.600000000000001,2.5945945945945947
18,IM1843780000000,Unemployment Rate,"South Bend-Mishawaka, IN-MI Metropolitan Statistical Area, IN part (U)",2020-07-01,10.2,4,6.199999999999999,1.5499999999999998
18,IM1843780000000,Unemployment Rate,"South Bend-Mishawaka, IN-MI Metropolitan Statistical Area, IN part (U)",2020-08-01,8.3,3.8,4.500000000000001,1.1842105263157898
18,IM1843780000000,Unemployment Rate,"South Bend-Mishawaka, IN-MI Metropolitan Statistical Area, IN part (U)",2020-09-01,7.3,3.2,4.1,1.2812499999999998
18,IM1843780000000,Unemployment Rate,"South Bend-Mishawaka, IN-MI Metropolitan Statistical Area, IN part (U)",2020-10-01,6.7,3.4,3.3000000000000003,0.9705882352941178
18,IM1843780000000,Unemployment Rate,"South Bend-Mishawaka, IN-MI Metropolitan Statistical Area, IN part (U)",2020-11-01,6.1,3.4,2.6999999999999997,0.7941176470588235
18,IM1843780000000,Unemployment Rate,"South Bend-Mishawaka, IN-MI Metropolitan Statistical Area, IN part (U)",2020-12-01,5,3.4,1.6,0.4705882352941177
18,IM1843780000000,Unemployment,"South Bend-Mishawaka, IN-MI Metropolitan Statistical Area, IN part (U)",2019-01-01,6065,NA,NA,NA
18,IM1843780000000,Unemployment,"South Bend-Mishawaka, IN-MI Metropolitan Statistical Area, IN part (U)",2019-02-01,5561,NA,NA,NA
18,IM1843780000000,Unemployment,"South Bend-Mishawaka, IN-MI Metropolitan Statistical Area, IN part (U)",2019-03-01,5285,NA,NA,NA
18,IM1843780000000,Unemployment,"South Bend-Mishawaka, IN-MI Metropolitan Statistical Area, IN part (U)",2019-04-01,4047,NA,NA,NA
18,IM1843780000000,Unemployment,"South Bend-Mishawaka, IN-MI Metropolitan Statistical Area, IN part (U)",2019-05-01,4380,NA,NA,NA
18,IM1843780000000,Unemployment,"South Bend-Mishawaka, IN-MI Metropolitan Statistical Area, IN part (U)",2019-06-01,5090,NA,NA,NA
18,IM1843780000000,Unemployment,"South Bend-Mishawaka, IN-MI Metropolitan Statistical Area, IN part (U)",2019-07-01,5352,NA,NA,NA
18,IM1843780000000,Unemployment,"South Bend-Mishawaka, IN-MI Metropolitan Statistical Area, IN part (U)",2019-08-01,5128,NA,NA,NA
18,IM1843780000000,Unemployment,"South Bend-Mishawaka, IN-MI Metropolitan Statistical Area, IN part (U)",2019-09-01,4386,NA,NA,NA
18,IM1843780000000,Unemployment,"South Bend-Mishawaka, IN-MI Metropolitan Statistical Area, IN part (U)",2019-10-01,4651,NA,NA,NA
18,IM1843780000000,Unemployment,"South Bend-Mishawaka, IN-MI Metropolitan Statistical Area, IN part (U)",2019-11-01,4673,NA,NA,NA
18,IM1843780000000,Unemployment,"South Bend-Mishawaka, IN-MI Metropolitan Statistical Area, IN part (U)",2019-12-01,4573,NA,NA,NA
18,IM1843780000000,Unemployment,"South Bend-Mishawaka, IN-MI Metropolitan Statistical Area, IN part (U)",2020-01-01,5423,6065,-642,-0.10585325638911788
18,IM1843780000000,Unemployment,"South Bend-Mishawaka, IN-MI Metropolitan Statistical Area, IN part (U)",2020-02-01,4943,5561,-618,-0.1111310915303003
18,IM1843780000000,Unemployment,"South Bend-Mishawaka, IN-MI Metropolitan Statistical Area, IN part (U)",2020-03-01,4710,5285,-575,-0.10879848628192999
18,IM1843780000000,Unemployment,"South Bend-Mishawaka, IN-MI Metropolitan Statistical Area, IN part (U)",2020-04-01,26479,4047,22432,5.542871262663701
18,IM1843780000000,Unemployment,"South Bend-Mishawaka, IN-MI Metropolitan Statistical Area, IN part (U)",2020-05-01,17161,4380,12781,2.918036529680365
18,IM1843780000000,Unemployment,"South Bend-Mishawaka, IN-MI Metropolitan Statistical Area, IN part (U)",2020-06-01,17965,5090,12875,2.529469548133595
18,IM1843780000000,Unemployment,"South Bend-Mishawaka, IN-MI Metropolitan Statistical Area, IN part (U)",2020-07-01,13410,5352,8058,1.5056053811659194
18,IM1843780000000,Unemployment,"South Bend-Mishawaka, IN-MI Metropolitan Statistical Area, IN part (U)",2020-08-01,10802,5128,5674,1.106474258970359
18,IM1843780000000,Unemployment,"South Bend-Mishawaka, IN-MI Metropolitan Statistical Area, IN part (U)",2020-09-01,9521,4386,5135,1.1707706338349293
18,IM1843780000000,Unemployment,"South Bend-Mishawaka, IN-MI Metropolitan Statistical Area, IN part (U)",2020-10-01,8823,4651,4172,0.897011395398839
18,IM1843780000000,Unemployment,"South Bend-Mishawaka, IN-MI Metropolitan Statistical Area, IN part (U)",2020-11-01,7941,4673,3268,0.6993366145944789
18,IM1843780000000,Unemployment,"South Bend-Mishawaka, IN-MI Metropolitan Statistical Area, IN part (U)",2020-12-01,6479,4573,1906,0.4167942269844741
18,IM1843780000000,Employment,"South Bend-Mishawaka, IN-MI Metropolitan Statistical Area, IN part (U)",2019-01-01,131472,NA,NA,NA
18,IM1843780000000,Employment,"South Bend-Mishawaka, IN-MI Metropolitan Statistical Area, IN part (U)",2019-02-01,131833,NA,NA,NA
18,IM1843780000000,Employment,"South Bend-Mishawaka, IN-MI Metropolitan Statistical Area, IN part (U)",2019-03-01,131990,NA,NA,NA
18,IM1843780000000,Employment,"South Bend-Mishawaka, IN-MI Metropolitan Statistical Area, IN part (U)",2019-04-01,132583,NA,NA,NA
18,IM1843780000000,Employment,"South Bend-Mishawaka, IN-MI Metropolitan Statistical Area, IN part (U)",2019-05-01,132205,NA,NA,NA
18,IM1843780000000,Employment,"South Bend-Mishawaka, IN-MI Metropolitan Statistical Area, IN part (U)",2019-06-01,132230,NA,NA,NA
18,IM1843780000000,Employment,"South Bend-Mishawaka, IN-MI Metropolitan Statistical Area, IN part (U)",2019-07-01,130043,NA,NA,NA
18,IM1843780000000,Employment,"South Bend-Mishawaka, IN-MI Metropolitan Statistical Area, IN part (U)",2019-08-01,129485,NA,NA,NA
18,IM1843780000000,Employment,"South Bend-Mishawaka, IN-MI Metropolitan Statistical Area, IN part (U)",2019-09-01,132518,NA,NA,NA
18,IM1843780000000,Employment,"South Bend-Mishawaka, IN-MI Metropolitan Statistical Area, IN part (U)",2019-10-01,131444,NA,NA,NA
18,IM1843780000000,Employment,"South Bend-Mishawaka, IN-MI Metropolitan Statistical Area, IN part (U)",2019-11-01,131458,NA,NA,NA
18,IM1843780000000,Employment,"South Bend-Mishawaka, IN-MI Metropolitan Statistical Area, IN part (U)",2019-12-01,130711,NA,NA,NA
18,IM1843780000000,Employment,"South Bend-Mishawaka, IN-MI Metropolitan Statistical Area, IN part (U)",2020-01-01,130498,131472,-974,-0.007408421565048071
18,IM1843780000000,Employment,"South Bend-Mishawaka, IN-MI Metropolitan Statistical Area, IN part (U)",2020-02-01,132156,131833,323,0.002450069405990913
18,IM1843780000000,Employment,"South Bend-Mishawaka, IN-MI Metropolitan Statistical Area, IN part (U)",2020-03-01,127395,131990,-4595,-0.03481324342753239
18,IM1843780000000,Employment,"South Bend-Mishawaka, IN-MI Metropolitan Statistical Area, IN part (U)",2020-04-01,103114,132583,-29469,-0.222268314942338
18,IM1843780000000,Employment,"South Bend-Mishawaka, IN-MI Metropolitan Statistical Area, IN part (U)",2020-05-01,113711,132205,-18494,-0.13988880904655648
18,IM1843780000000,Employment,"South Bend-Mishawaka, IN-MI Metropolitan Statistical Area, IN part (U)",2020-06-01,117006,132230,-15224,-0.11513272328518491
18,IM1843780000000,Employment,"South Bend-Mishawaka, IN-MI Metropolitan Statistical Area, IN part (U)",2020-07-01,118179,130043,-11864,-0.09123136193412948
18,IM1843780000000,Employment,"South Bend-Mishawaka, IN-MI Metropolitan Statistical Area, IN part (U)",2020-08-01,119488,129485,-9997,-0.07720585395991814
18,IM1843780000000,Employment,"South Bend-Mishawaka, IN-MI Metropolitan Statistical Area, IN part (U)",2020-09-01,121084,132518,-11434,-0.08628261821035633
18,IM1843780000000,Employment,"South Bend-Mishawaka, IN-MI Metropolitan Statistical Area, IN part (U)",2020-10-01,122689,131444,-8755,-0.06660631143300569
18,IM1843780000000,Employment,"South Bend-Mishawaka, IN-MI Metropolitan Statistical Area, IN part (U)",2020-11-01,121557,131458,-9901,-0.07531683123126778
18,IM1843780000000,Employment,"South Bend-Mishawaka, IN-MI Metropolitan Statistical Area, IN part (U)",2020-12-01,123986,130711,-6725,-0.05144938069481528
18,IM1843780000000,Labor Force,"South Bend-Mishawaka, IN-MI Metropolitan Statistical Area, IN part (U)",2019-01-01,137537,NA,NA,NA
18,IM1843780000000,Labor Force,"South Bend-Mishawaka, IN-MI Metropolitan Statistical Area, IN part (U)",2019-02-01,137394,NA,NA,NA
18,IM1843780000000,Labor Force,"South Bend-Mishawaka, IN-MI Metropolitan Statistical Area, IN part (U)",2019-03-01,137275,NA,NA,NA
18,IM1843780000000,Labor Force,"South Bend-Mishawaka, IN-MI Metropolitan Statistical Area, IN part (U)",2019-04-01,136630,NA,NA,NA
18,IM1843780000000,Labor Force,"South Bend-Mishawaka, IN-MI Metropolitan Statistical Area, IN part (U)",2019-05-01,136585,NA,NA,NA
18,IM1843780000000,Labor Force,"South Bend-Mishawaka, IN-MI Metropolitan Statistical Area, IN part (U)",2019-06-01,137320,NA,NA,NA
18,IM1843780000000,Labor Force,"South Bend-Mishawaka, IN-MI Metropolitan Statistical Area, IN part (U)",2019-07-01,135395,NA,NA,NA
18,IM1843780000000,Labor Force,"South Bend-Mishawaka, IN-MI Metropolitan Statistical Area, IN part (U)",2019-08-01,134613,NA,NA,NA
18,IM1843780000000,Labor Force,"South Bend-Mishawaka, IN-MI Metropolitan Statistical Area, IN part (U)",2019-09-01,136904,NA,NA,NA
18,IM1843780000000,Labor Force,"South Bend-Mishawaka, IN-MI Metropolitan Statistical Area, IN part (U)",2019-10-01,136095,NA,NA,NA
18,IM1843780000000,Labor Force,"South Bend-Mishawaka, IN-MI Metropolitan Statistical Area, IN part (U)",2019-11-01,136131,NA,NA,NA
18,IM1843780000000,Labor Force,"South Bend-Mishawaka, IN-MI Metropolitan Statistical Area, IN part (U)",2019-12-01,135284,NA,NA,NA
18,IM1843780000000,Labor Force,"South Bend-Mishawaka, IN-MI Metropolitan Statistical Area, IN part (U)",2020-01-01,135921,137537,-1616,-0.011749565571446229
18,IM1843780000000,Labor Force,"South Bend-Mishawaka, IN-MI Metropolitan Statistical Area, IN part (U)",2020-02-01,137099,137394,-295,-0.0021471097718968805
18,IM1843780000000,Labor Force,"South Bend-Mishawaka, IN-MI Metropolitan Statistical Area, IN part (U)",2020-03-01,132105,137275,-5170,-0.03766162811873976
18,IM1843780000000,Labor Force,"South Bend-Mishawaka, IN-MI Metropolitan Statistical Area, IN part (U)",2020-04-01,129593,136630,-7037,-0.05150406206543219
18,IM1843780000000,Labor Force,"South Bend-Mishawaka, IN-MI Metropolitan Statistical Area, IN part (U)",2020-05-01,130872,136585,-5713,-0.041827433466339645
18,IM1843780000000,Labor Force,"South Bend-Mishawaka, IN-MI Metropolitan Statistical Area, IN part (U)",2020-06-01,134971,137320,-2349,-0.01710602971162249
18,IM1843780000000,Labor Force,"South Bend-Mishawaka, IN-MI Metropolitan Statistical Area, IN part (U)",2020-07-01,131589,135395,-3806,-0.028110343808855572
18,IM1843780000000,Labor Force,"South Bend-Mishawaka, IN-MI Metropolitan Statistical Area, IN part (U)",2020-08-01,130290,134613,-4323,-0.03211428316730182
18,IM1843780000000,Labor Force,"South Bend-Mishawaka, IN-MI Metropolitan Statistical Area, IN part (U)",2020-09-01,130605,136904,-6299,-0.04601034301408286
18,IM1843780000000,Labor Force,"South Bend-Mishawaka, IN-MI Metropolitan Statistical Area, IN part (U)",2020-10-01,131512,136095,-4583,-0.03367500642933245
18,IM1843780000000,Labor Force,"South Bend-Mishawaka, IN-MI Metropolitan Statistical Area, IN part (U)",2020-11-01,129498,136131,-6633,-0.04872512506335809
18,IM1843780000000,Labor Force,"South Bend-Mishawaka, IN-MI Metropolitan Statistical Area, IN part (U)",2020-12-01,130465,135284,-4819,-0.03562135951036338
18,MT1843780000000,Unemployment Rate,"South Bend-Mishawaka, IN-MI Metropolitan Statistical Area (U)",2019-01-01,4.5,NA,NA,NA
18,MT1843780000000,Unemployment Rate,"South Bend-Mishawaka, IN-MI Metropolitan Statistical Area (U)",2019-02-01,4.2,NA,NA,NA
18,MT1843780000000,Unemployment Rate,"South Bend-Mishawaka, IN-MI Metropolitan Statistical Area (U)",2019-03-01,4,NA,NA,NA
18,MT1843780000000,Unemployment Rate,"South Bend-Mishawaka, IN-MI Metropolitan Statistical Area (U)",2019-04-01,3.1,NA,NA,NA
18,MT1843780000000,Unemployment Rate,"South Bend-Mishawaka, IN-MI Metropolitan Statistical Area (U)",2019-05-01,3.3,NA,NA,NA
18,MT1843780000000,Unemployment Rate,"South Bend-Mishawaka, IN-MI Metropolitan Statistical Area (U)",2019-06-01,3.9,NA,NA,NA
18,MT1843780000000,Unemployment Rate,"South Bend-Mishawaka, IN-MI Metropolitan Statistical Area (U)",2019-07-01,4.2,NA,NA,NA
18,MT1843780000000,Unemployment Rate,"South Bend-Mishawaka, IN-MI Metropolitan Statistical Area (U)",2019-08-01,3.9,NA,NA,NA
18,MT1843780000000,Unemployment Rate,"South Bend-Mishawaka, IN-MI Metropolitan Statistical Area (U)",2019-09-01,3.3,NA,NA,NA
18,MT1843780000000,Unemployment Rate,"South Bend-Mishawaka, IN-MI Metropolitan Statistical Area (U)",2019-10-01,3.4,NA,NA,NA
18,MT1843780000000,Unemployment Rate,"South Bend-Mishawaka, IN-MI Metropolitan Statistical Area (U)",2019-11-01,3.4,NA,NA,NA
18,MT1843780000000,Unemployment Rate,"South Bend-Mishawaka, IN-MI Metropolitan Statistical Area (U)",2019-12-01,3.4,NA,NA,NA
18,MT1843780000000,Unemployment Rate,"South Bend-Mishawaka, IN-MI Metropolitan Statistical Area (U)",2020-01-01,4.1,4.5,-0.40000000000000036,-0.08888888888888896
18,MT1843780000000,Unemployment Rate,"South Bend-Mishawaka, IN-MI Metropolitan Statistical Area (U)",2020-02-01,3.7,4.2,-0.5,-0.11904761904761904
18,MT1843780000000,Unemployment Rate,"South Bend-Mishawaka, IN-MI Metropolitan Statistical Area (U)",2020-03-01,3.6,4,-0.3999999999999999,-0.09999999999999998
18,MT1843780000000,Unemployment Rate,"South Bend-Mishawaka, IN-MI Metropolitan Statistical Area (U)",2020-04-01,21.2,3.1,18.099999999999998,5.838709677419354
18,MT1843780000000,Unemployment Rate,"South Bend-Mishawaka, IN-MI Metropolitan Statistical Area (U)",2020-05-01,13.7,3.3,10.399999999999999,3.1515151515151514
18,MT1843780000000,Unemployment Rate,"South Bend-Mishawaka, IN-MI Metropolitan Statistical Area (U)",2020-06-01,13.3,3.9,9.4,2.4102564102564106
18,MT1843780000000,Unemployment Rate,"South Bend-Mishawaka, IN-MI Metropolitan Statistical Area (U)",2020-07-01,10.2,4.2,5.999999999999999,1.4285714285714284
18,MT1843780000000,Unemployment Rate,"South Bend-Mishawaka, IN-MI Metropolitan Statistical Area (U)",2020-08-01,8.3,3.9,4.4,1.1282051282051284
18,MT1843780000000,Unemployment Rate,"South Bend-Mishawaka, IN-MI Metropolitan Statistical Area (U)",2020-09-01,7.3,3.3,4,1.2121212121212122
18,MT1843780000000,Unemployment Rate,"South Bend-Mishawaka, IN-MI Metropolitan Statistical Area (U)",2020-10-01,6.4,3.4,3.0000000000000004,0.8823529411764708
18,MT1843780000000,Unemployment Rate,"South Bend-Mishawaka, IN-MI Metropolitan Statistical Area (U)",2020-11-01,5.9,3.4,2.5000000000000004,0.735294117647059
18,MT1843780000000,Unemployment Rate,"South Bend-Mishawaka, IN-MI Metropolitan Statistical Area (U)",2020-12-01,4.9,3.4,1.5000000000000004,0.44117647058823545
18,MT1843780000000,Unemployment,"South Bend-Mishawaka, IN-MI Metropolitan Statistical Area (U)",2019-01-01,7367,NA,NA,NA
18,MT1843780000000,Unemployment,"South Bend-Mishawaka, IN-MI Metropolitan Statistical Area (U)",2019-02-01,6741,NA,NA,NA
18,MT1843780000000,Unemployment,"South Bend-Mishawaka, IN-MI Metropolitan Statistical Area (U)",2019-03-01,6479,NA,NA,NA
18,MT1843780000000,Unemployment,"South Bend-Mishawaka, IN-MI Metropolitan Statistical Area (U)",2019-04-01,4978,NA,NA,NA
18,MT1843780000000,Unemployment,"South Bend-Mishawaka, IN-MI Metropolitan Statistical Area (U)",2019-05-01,5376,NA,NA,NA
18,MT1843780000000,Unemployment,"South Bend-Mishawaka, IN-MI Metropolitan Statistical Area (U)",2019-06-01,6294,NA,NA,NA
18,MT1843780000000,Unemployment,"South Bend-Mishawaka, IN-MI Metropolitan Statistical Area (U)",2019-07-01,6692,NA,NA,NA
18,MT1843780000000,Unemployment,"South Bend-Mishawaka, IN-MI Metropolitan Statistical Area (U)",2019-08-01,6208,NA,NA,NA
18,MT1843780000000,Unemployment,"South Bend-Mishawaka, IN-MI Metropolitan Statistical Area (U)",2019-09-01,5246,NA,NA,NA
18,MT1843780000000,Unemployment,"South Bend-Mishawaka, IN-MI Metropolitan Statistical Area (U)",2019-10-01,5484,NA,NA,NA
18,MT1843780000000,Unemployment,"South Bend-Mishawaka, IN-MI Metropolitan Statistical Area (U)",2019-11-01,5463,NA,NA,NA
18,MT1843780000000,Unemployment,"South Bend-Mishawaka, IN-MI Metropolitan Statistical Area (U)",2019-12-01,5445,NA,NA,NA
18,MT1843780000000,Unemployment,"South Bend-Mishawaka, IN-MI Metropolitan Statistical Area (U)",2020-01-01,6559,7367,-808,-0.10967829509976924
18,MT1843780000000,Unemployment,"South Bend-Mishawaka, IN-MI Metropolitan Statistical Area (U)",2020-02-01,5911,6741,-830,-0.12312713247292686
18,MT1843780000000,Unemployment,"South Bend-Mishawaka, IN-MI Metropolitan Statistical Area (U)",2020-03-01,5601,6479,-878,-0.1355147399290014
18,MT1843780000000,Unemployment,"South Bend-Mishawaka, IN-MI Metropolitan Statistical Area (U)",2020-04-01,32988,4978,28010,5.626757734029731
18,MT1843780000000,Unemployment,"South Bend-Mishawaka, IN-MI Metropolitan Statistical Area (U)",2020-05-01,21462,5376,16086,2.9921875
18,MT1843780000000,Unemployment,"South Bend-Mishawaka, IN-MI Metropolitan Statistical Area (U)",2020-06-01,21316,6294,15022,2.386717508738481
18,MT1843780000000,Unemployment,"South Bend-Mishawaka, IN-MI Metropolitan Statistical Area (U)",2020-07-01,15887,6692,9195,1.3740286909742976
18,MT1843780000000,Unemployment,"South Bend-Mishawaka, IN-MI Metropolitan Statistical Area (U)",2020-08-01,12851,6208,6643,1.0700708762886597
18,MT1843780000000,Unemployment,"South Bend-Mishawaka, IN-MI Metropolitan Statistical Area (U)",2020-09-01,11330,5246,6084,1.1597407548608463
18,MT1843780000000,Unemployment,"South Bend-Mishawaka, IN-MI Metropolitan Statistical Area (U)",2020-10-01,10021,5484,4537,0.8273158278628738
18,MT1843780000000,Unemployment,"South Bend-Mishawaka, IN-MI Metropolitan Statistical Area (U)",2020-11-01,8986,5463,3523,0.6448837634999085
18,MT1843780000000,Unemployment,"South Bend-Mishawaka, IN-MI Metropolitan Statistical Area (U)",2020-12-01,7534,5445,2089,0.38365472910927456
18,MT1843780000000,Employment,"South Bend-Mishawaka, IN-MI Metropolitan Statistical Area (U)",2019-01-01,154841,NA,NA,NA
18,MT1843780000000,Employment,"South Bend-Mishawaka, IN-MI Metropolitan Statistical Area (U)",2019-02-01,155454,NA,NA,NA
18,MT1843780000000,Employment,"South Bend-Mishawaka, IN-MI Metropolitan Statistical Area (U)",2019-03-01,155566,NA,NA,NA
18,MT1843780000000,Employment,"South Bend-Mishawaka, IN-MI Metropolitan Statistical Area (U)",2019-04-01,156147,NA,NA,NA
18,MT1843780000000,Employment,"South Bend-Mishawaka, IN-MI Metropolitan Statistical Area (U)",2019-05-01,155897,NA,NA,NA
18,MT1843780000000,Employment,"South Bend-Mishawaka, IN-MI Metropolitan Statistical Area (U)",2019-06-01,155623,NA,NA,NA
18,MT1843780000000,Employment,"South Bend-Mishawaka, IN-MI Metropolitan Statistical Area (U)",2019-07-01,152963,NA,NA,NA
18,MT1843780000000,Employment,"South Bend-Mishawaka, IN-MI Metropolitan Statistical Area (U)",2019-08-01,152687,NA,NA,NA
18,MT1843780000000,Employment,"South Bend-Mishawaka, IN-MI Metropolitan Statistical Area (U)",2019-09-01,156026,NA,NA,NA
18,MT1843780000000,Employment,"South Bend-Mishawaka, IN-MI Metropolitan Statistical Area (U)",2019-10-01,154843,NA,NA,NA
18,MT1843780000000,Employment,"South Bend-Mishawaka, IN-MI Metropolitan Statistical Area (U)",2019-11-01,155061,NA,NA,NA
18,MT1843780000000,Employment,"South Bend-Mishawaka, IN-MI Metropolitan Statistical Area (U)",2019-12-01,154171,NA,NA,NA
18,MT1843780000000,Employment,"South Bend-Mishawaka, IN-MI Metropolitan Statistical Area (U)",2020-01-01,153795,154841,-1046,-0.006755316744273158
18,MT1843780000000,Employment,"South Bend-Mishawaka, IN-MI Metropolitan Statistical Area (U)",2020-02-01,156012,155454,558,0.0035894862788992243
18,MT1843780000000,Employment,"South Bend-Mishawaka, IN-MI Metropolitan Statistical Area (U)",2020-03-01,150657,155566,-4909,-0.03155573840042169
18,MT1843780000000,Employment,"South Bend-Mishawaka, IN-MI Metropolitan Statistical Area (U)",2020-04-01,122500,156147,-33647,-0.21548284629227588
18,MT1843780000000,Employment,"South Bend-Mishawaka, IN-MI Metropolitan Statistical Area (U)",2020-05-01,134740,155897,-21157,-0.13571139919305694
18,MT1843780000000,Employment,"South Bend-Mishawaka, IN-MI Metropolitan Statistical Area (U)",2020-06-01,139497,155623,-16126,-0.1036222152252559
18,MT1843780000000,Employment,"South Bend-Mishawaka, IN-MI Metropolitan Statistical Area (U)",2020-07-01,140538,152963,-12425,-0.0812287938913332
18,MT1843780000000,Employment,"South Bend-Mishawaka, IN-MI Metropolitan Statistical Area (U)",2020-08-01,142215,152687,-10472,-0.06858475181253151
18,MT1843780000000,Employment,"South Bend-Mishawaka, IN-MI Metropolitan Statistical Area (U)",2020-09-01,143489,156026,-12537,-0.08035199261661517
18,MT1843780000000,Employment,"South Bend-Mishawaka, IN-MI Metropolitan Statistical Area (U)",2020-10-01,145420,154843,-9423,-0.060855188804143555
18,MT1843780000000,Employment,"South Bend-Mishawaka, IN-MI Metropolitan Statistical Area (U)",2020-11-01,144239,155061,-10822,-0.06979188835361567
18,MT1843780000000,Employment,"South Bend-Mishawaka, IN-MI Metropolitan Statistical Area (U)",2020-12-01,146120,154171,-8051,-0.052221234862587645
18,MT1843780000000,Labor Force,"South Bend-Mishawaka, IN-MI Metropolitan Statistical Area (U)",2019-01-01,162208,NA,NA,NA
18,MT1843780000000,Labor Force,"South Bend-Mishawaka, IN-MI Metropolitan Statistical Area (U)",2019-02-01,162195,NA,NA,NA
18,MT1843780000000,Labor Force,"South Bend-Mishawaka, IN-MI Metropolitan Statistical Area (U)",2019-03-01,162045,NA,NA,NA
18,MT1843780000000,Labor Force,"South Bend-Mishawaka, IN-MI Metropolitan Statistical Area (U)",2019-04-01,161125,NA,NA,NA
18,MT1843780000000,Labor Force,"South Bend-Mishawaka, IN-MI Metropolitan Statistical Area (U)",2019-05-01,161273,NA,NA,NA
18,MT1843780000000,Labor Force,"South Bend-Mishawaka, IN-MI Metropolitan Statistical Area (U)",2019-06-01,161917,NA,NA,NA
18,MT1843780000000,Labor Force,"South Bend-Mishawaka, IN-MI Metropolitan Statistical Area (U)",2019-07-01,159655,NA,NA,NA
18,MT1843780000000,Labor Force,"South Bend-Mishawaka, IN-MI Metropolitan Statistical Area (U)",2019-08-01,158895,NA,NA,NA
18,MT1843780000000,Labor Force,"South Bend-Mishawaka, IN-MI Metropolitan Statistical Area (U)",2019-09-01,161272,NA,NA,NA
18,MT1843780000000,Labor Force,"South Bend-Mishawaka, IN-MI Metropolitan Statistical Area (U)",2019-10-01,160327,NA,NA,NA
18,MT1843780000000,Labor Force,"South Bend-Mishawaka, IN-MI Metropolitan Statistical Area (U)",2019-11-01,160524,NA,NA,NA
18,MT1843780000000,Labor Force,"South Bend-Mishawaka, IN-MI Metropolitan Statistical Area (U)",2019-12-01,159616,NA,NA,NA
18,MT1843780000000,Labor Force,"South Bend-Mishawaka, IN-MI Metropolitan Statistical Area (U)",2020-01-01,160354,162208,-1854,-0.011429769185243637
18,MT1843780000000,Labor Force,"South Bend-Mishawaka, IN-MI Metropolitan Statistical Area (U)",2020-02-01,161923,162195,-272,-0.001676993742100558
18,MT1843780000000,Labor Force,"South Bend-Mishawaka, IN-MI Metropolitan Statistical Area (U)",2020-03-01,156258,162045,-5787,-0.03571230213829492
18,MT1843780000000,Labor Force,"South Bend-Mishawaka, IN-MI Metropolitan Statistical Area (U)",2020-04-01,155488,161125,-5637,-0.034985259891388676
18,MT1843780000000,Labor Force,"South Bend-Mishawaka, IN-MI Metropolitan Statistical Area (U)",2020-05-01,156202,161273,-5071,-0.031443577040174114
18,MT1843780000000,Labor Force,"South Bend-Mishawaka, IN-MI Metropolitan Statistical Area (U)",2020-06-01,160813,161917,-1104,-0.006818308145531352
18,MT1843780000000,Labor Force,"South Bend-Mishawaka, IN-MI Metropolitan Statistical Area (U)",2020-07-01,156425,159655,-3230,-0.02023112335974445
18,MT1843780000000,Labor Force,"South Bend-Mishawaka, IN-MI Metropolitan Statistical Area (U)",2020-08-01,155066,158895,-3829,-0.024097674564964283
18,MT1843780000000,Labor Force,"South Bend-Mishawaka, IN-MI Metropolitan Statistical Area (U)",2020-09-01,154819,161272,-6453,-0.040013145493328045
18,MT1843780000000,Labor Force,"South Bend-Mishawaka, IN-MI Metropolitan Statistical Area (U)",2020-10-01,155441,160327,-4886,-0.030475216276734423
18,MT1843780000000,Labor Force,"South Bend-Mishawaka, IN-MI Metropolitan Statistical Area (U)",2020-11-01,153225,160524,-7299,-0.045469836286162815
18,MT1843780000000,Labor Force,"South Bend-Mishawaka, IN-MI Metropolitan Statistical Area (U)",2020-12-01,153654,159616,-5962,-0.03735214514835605
