state_code,area_code,supersector_code,industry_code,industry_name,area_name,dt,total_employment,last_yr_emp,change,per_change
18,43780,00,00000000,Total Nonfarm,"South Bend-Mishawaka, IN-MI",2019-01-01,144600,NA,NA,NA
18,43780,00,00000000,Total Nonfarm,"South Bend-Mishawaka, IN-MI",2019-02-01,145100,NA,NA,NA
18,43780,00,00000000,Total Nonfarm,"South Bend-Mishawaka, IN-MI",2019-03-01,145600,NA,NA,NA
18,43780,00,00000000,Total Nonfarm,"South Bend-Mishawaka, IN-MI",2019-04-01,145400,NA,NA,NA
18,43780,00,00000000,Total Nonfarm,"South Bend-Mishawaka, IN-MI",2019-05-01,146500,NA,NA,NA
18,43780,00,00000000,Total Nonfarm,"South Bend-Mishawaka, IN-MI",2019-06-01,146800,NA,NA,NA
18,43780,00,00000000,Total Nonfarm,"South Bend-Mishawaka, IN-MI",2019-07-01,145500,NA,NA,NA
18,43780,00,00000000,Total Nonfarm,"South Bend-Mishawaka, IN-MI",2019-08-01,146800,NA,NA,NA
18,43780,00,00000000,Total Nonfarm,"South Bend-Mishawaka, IN-MI",2019-09-01,148400,NA,NA,NA
18,43780,00,00000000,Total Nonfarm,"South Bend-Mishawaka, IN-MI",2019-10-01,148000,NA,NA,NA
18,43780,00,00000000,Total Nonfarm,"South Bend-Mishawaka, IN-MI",2019-11-01,148400,NA,NA,NA
18,43780,00,00000000,Total Nonfarm,"South Bend-Mishawaka, IN-MI",2019-12-01,148500,NA,NA,NA
18,43780,00,00000000,Total Nonfarm,"South Bend-Mishawaka, IN-MI",2020-01-01,143000,144600,-1600,-0.011065006915629323
18,43780,00,00000000,Total Nonfarm,"South Bend-Mishawaka, IN-MI",2020-02-01,143000,145100,-2100,-0.014472777394900068
18,43780,00,00000000,Total Nonfarm,"South Bend-Mishawaka, IN-MI",2020-03-01,142100,145600,-3500,-0.02403846153846154
18,43780,00,00000000,Total Nonfarm,"South Bend-Mishawaka, IN-MI",2020-04-01,121500,145400,-23900,-0.1643741403026135
18,43780,00,00000000,Total Nonfarm,"South Bend-Mishawaka, IN-MI",2020-05-01,127300,146500,-19200,-0.1310580204778157
18,43780,00,00000000,Total Nonfarm,"South Bend-Mishawaka, IN-MI",2020-06-01,131500,146800,-15300,-0.10422343324250681
18,43780,00,00000000,Total Nonfarm,"South Bend-Mishawaka, IN-MI",2020-07-01,131300,145500,-14200,-0.09759450171821306
18,43780,00,00000000,Total Nonfarm,"South Bend-Mishawaka, IN-MI",2020-08-01,133100,146800,-13700,-0.09332425068119891
18,43780,00,00000000,Total Nonfarm,"South Bend-Mishawaka, IN-MI",2020-09-01,132700,148400,-15700,-0.10579514824797843
18,43780,00,00000000,Total Nonfarm,"South Bend-Mishawaka, IN-MI",2020-10-01,134500,148000,-13500,-0.09121621621621621
18,43780,00,00000000,Total Nonfarm,"South Bend-Mishawaka, IN-MI",2020-11-01,135100,148400,-13300,-0.08962264150943396
18,43780,00,00000000,Total Nonfarm,"South Bend-Mishawaka, IN-MI",2020-12-01,134000,148500,-14500,-0.09764309764309764
18,43780,00,00000000,Total Nonfarm,"South Bend-Mishawaka, IN-MI",2021-01-01,131600,143000,-11400,-0.07972027972027972
18,43780,00,00000000,Total Nonfarm,"South Bend-Mishawaka, IN-MI",2021-02-01,134000,143000,-9000,-0.06293706293706294
18,43780,00,00000000,Total Nonfarm,"South Bend-Mishawaka, IN-MI",2021-03-01,134500,142100,-7600,-0.05348346235045742
18,43780,05,05000000,Total Private,"South Bend-Mishawaka, IN-MI",2019-01-01,129500,NA,NA,NA
18,43780,05,05000000,Total Private,"South Bend-Mishawaka, IN-MI",2019-02-01,129900,NA,NA,NA
18,43780,05,05000000,Total Private,"South Bend-Mishawaka, IN-MI",2019-03-01,130300.00000000001,NA,NA,NA
18,43780,05,05000000,Total Private,"South Bend-Mishawaka, IN-MI",2019-04-01,130500,NA,NA,NA
18,43780,05,05000000,Total Private,"South Bend-Mishawaka, IN-MI",2019-05-01,131600,NA,NA,NA
18,43780,05,05000000,Total Private,"South Bend-Mishawaka, IN-MI",2019-06-01,132100,NA,NA,NA
18,43780,05,05000000,Total Private,"South Bend-Mishawaka, IN-MI",2019-07-01,131800,NA,NA,NA
18,43780,05,05000000,Total Private,"South Bend-Mishawaka, IN-MI",2019-08-01,133000,NA,NA,NA
18,43780,05,05000000,Total Private,"South Bend-Mishawaka, IN-MI",2019-09-01,133300,NA,NA,NA
18,43780,05,05000000,Total Private,"South Bend-Mishawaka, IN-MI",2019-10-01,132700,NA,NA,NA
18,43780,05,05000000,Total Private,"South Bend-Mishawaka, IN-MI",2019-11-01,133000,NA,NA,NA
18,43780,05,05000000,Total Private,"South Bend-Mishawaka, IN-MI",2019-12-01,133100,NA,NA,NA
18,43780,05,05000000,Total Private,"South Bend-Mishawaka, IN-MI",2020-01-01,127700,129500,-1800,-0.013899613899613899
18,43780,05,05000000,Total Private,"South Bend-Mishawaka, IN-MI",2020-02-01,127700,129900,-2200,-0.016936104695919937
18,43780,05,05000000,Total Private,"South Bend-Mishawaka, IN-MI",2020-03-01,126700,130300.00000000001,-3600.0000000000146,-0.0276285495011513
18,43780,05,05000000,Total Private,"South Bend-Mishawaka, IN-MI",2020-04-01,107000,130500,-23500,-0.18007662835249041
18,43780,05,05000000,Total Private,"South Bend-Mishawaka, IN-MI",2020-05-01,112600,131600,-19000,-0.14437689969604864
18,43780,05,05000000,Total Private,"South Bend-Mishawaka, IN-MI",2020-06-01,116800,132100,-15300,-0.11582134746404239
18,43780,05,05000000,Total Private,"South Bend-Mishawaka, IN-MI",2020-07-01,118300,131800,-13500,-0.10242792109256449
18,43780,05,05000000,Total Private,"South Bend-Mishawaka, IN-MI",2020-08-01,119500,133000,-13500,-0.10150375939849623
18,43780,05,05000000,Total Private,"South Bend-Mishawaka, IN-MI",2020-09-01,118300,133300,-15000,-0.11252813203300825
18,43780,05,05000000,Total Private,"South Bend-Mishawaka, IN-MI",2020-10-01,119800,132700,-12900,-0.09721175584024115
18,43780,05,05000000,Total Private,"South Bend-Mishawaka, IN-MI",2020-11-01,120500,133000,-12500,-0.09398496240601503
18,43780,05,05000000,Total Private,"South Bend-Mishawaka, IN-MI",2020-12-01,119700,133100,-13400,-0.10067618332081142
18,43780,05,05000000,Total Private,"South Bend-Mishawaka, IN-MI",2021-01-01,117700,127700,-10000,-0.07830853563038372
18,43780,05,05000000,Total Private,"South Bend-Mishawaka, IN-MI",2021-02-01,119700,127700,-8000,-0.06264682850430697
18,43780,05,05000000,Total Private,"South Bend-Mishawaka, IN-MI",2021-03-01,120200,126700,-6500,-0.05130228887134965
18,43780,06,06000000,Goods Producing,"South Bend-Mishawaka, IN-MI",2019-01-01,22800,NA,NA,NA
18,43780,06,06000000,Goods Producing,"South Bend-Mishawaka, IN-MI",2019-02-01,22800,NA,NA,NA
18,43780,06,06000000,Goods Producing,"South Bend-Mishawaka, IN-MI",2019-03-01,22900,NA,NA,NA
18,43780,06,06000000,Goods Producing,"South Bend-Mishawaka, IN-MI",2019-04-01,23200,NA,NA,NA
18,43780,06,06000000,Goods Producing,"South Bend-Mishawaka, IN-MI",2019-05-01,23500,NA,NA,NA
18,43780,06,06000000,Goods Producing,"South Bend-Mishawaka, IN-MI",2019-06-01,23700,NA,NA,NA
18,43780,06,06000000,Goods Producing,"South Bend-Mishawaka, IN-MI",2019-07-01,23500,NA,NA,NA
18,43780,06,06000000,Goods Producing,"South Bend-Mishawaka, IN-MI",2019-08-01,23700,NA,NA,NA
18,43780,06,06000000,Goods Producing,"South Bend-Mishawaka, IN-MI",2019-09-01,23600,NA,NA,NA
18,43780,06,06000000,Goods Producing,"South Bend-Mishawaka, IN-MI",2019-10-01,23300,NA,NA,NA
18,43780,06,06000000,Goods Producing,"South Bend-Mishawaka, IN-MI",2019-11-01,23300,NA,NA,NA
18,43780,06,06000000,Goods Producing,"South Bend-Mishawaka, IN-MI",2019-12-01,23100,NA,NA,NA
18,43780,06,06000000,Goods Producing,"South Bend-Mishawaka, IN-MI",2020-01-01,22400,22800,-400,-0.017543859649122806
18,43780,06,06000000,Goods Producing,"South Bend-Mishawaka, IN-MI",2020-02-01,22500,22800,-300,-0.013157894736842105
18,43780,06,06000000,Goods Producing,"South Bend-Mishawaka, IN-MI",2020-03-01,22500,22900,-400,-0.017467248908296942
18,43780,06,06000000,Goods Producing,"South Bend-Mishawaka, IN-MI",2020-04-01,18800,23200,-4400,-0.1896551724137931
18,43780,06,06000000,Goods Producing,"South Bend-Mishawaka, IN-MI",2020-05-01,20000,23500,-3500,-0.14893617021276595
18,43780,06,06000000,Goods Producing,"South Bend-Mishawaka, IN-MI",2020-06-01,20900,23700,-2800,-0.11814345991561181
18,43780,06,06000000,Goods Producing,"South Bend-Mishawaka, IN-MI",2020-07-01,21200,23500,-2300,-0.09787234042553192
18,43780,06,06000000,Goods Producing,"South Bend-Mishawaka, IN-MI",2020-08-01,21600,23700,-2100,-0.08860759493670886
18,43780,06,06000000,Goods Producing,"South Bend-Mishawaka, IN-MI",2020-09-01,21300,23600,-2300,-0.09745762711864407
18,43780,06,06000000,Goods Producing,"South Bend-Mishawaka, IN-MI",2020-10-01,21300,23300,-2000,-0.08583690987124463
18,43780,06,06000000,Goods Producing,"South Bend-Mishawaka, IN-MI",2020-11-01,21400,23300,-1900,-0.0815450643776824
18,43780,06,06000000,Goods Producing,"South Bend-Mishawaka, IN-MI",2020-12-01,21400,23100,-1700,-0.0735930735930736
18,43780,06,06000000,Goods Producing,"South Bend-Mishawaka, IN-MI",2021-01-01,20800,22400,-1600,-0.07142857142857142
18,43780,06,06000000,Goods Producing,"South Bend-Mishawaka, IN-MI",2021-02-01,20900,22500,-1600,-0.07111111111111111
18,43780,06,06000000,Goods Producing,"South Bend-Mishawaka, IN-MI",2021-03-01,21300,22500,-1200,-0.05333333333333334
18,43780,07,07000000,Service-Providing,"South Bend-Mishawaka, IN-MI",2019-01-01,121800,NA,NA,NA
18,43780,07,07000000,Service-Providing,"South Bend-Mishawaka, IN-MI",2019-02-01,122300,NA,NA,NA
18,43780,07,07000000,Service-Providing,"South Bend-Mishawaka, IN-MI",2019-03-01,122700,NA,NA,NA
18,43780,07,07000000,Service-Providing,"South Bend-Mishawaka, IN-MI",2019-04-01,122200,NA,NA,NA
18,43780,07,07000000,Service-Providing,"South Bend-Mishawaka, IN-MI",2019-05-01,123000,NA,NA,NA
18,43780,07,07000000,Service-Providing,"South Bend-Mishawaka, IN-MI",2019-06-01,123100,NA,NA,NA
18,43780,07,07000000,Service-Providing,"South Bend-Mishawaka, IN-MI",2019-07-01,122000,NA,NA,NA
18,43780,07,07000000,Service-Providing,"South Bend-Mishawaka, IN-MI",2019-08-01,123100,NA,NA,NA
18,43780,07,07000000,Service-Providing,"South Bend-Mishawaka, IN-MI",2019-09-01,124800,NA,NA,NA
18,43780,07,07000000,Service-Providing,"South Bend-Mishawaka, IN-MI",2019-10-01,124700,NA,NA,NA
18,43780,07,07000000,Service-Providing,"South Bend-Mishawaka, IN-MI",2019-11-01,125100,NA,NA,NA
18,43780,07,07000000,Service-Providing,"South Bend-Mishawaka, IN-MI",2019-12-01,125400,NA,NA,NA
18,43780,07,07000000,Service-Providing,"South Bend-Mishawaka, IN-MI",2020-01-01,120600,121800,-1200,-0.009852216748768473
18,43780,07,07000000,Service-Providing,"South Bend-Mishawaka, IN-MI",2020-02-01,120500,122300,-1800,-0.014717906786590351
18,43780,07,07000000,Service-Providing,"South Bend-Mishawaka, IN-MI",2020-03-01,119600,122700,-3100,-0.02526487367563162
18,43780,07,07000000,Service-Providing,"South Bend-Mishawaka, IN-MI",2020-04-01,102700,122200,-19500,-0.1595744680851064
18,43780,07,07000000,Service-Providing,"South Bend-Mishawaka, IN-MI",2020-05-01,107300,123000,-15700,-0.12764227642276424
18,43780,07,07000000,Service-Providing,"South Bend-Mishawaka, IN-MI",2020-06-01,110600,123100,-12500,-0.10154346060113728
18,43780,07,07000000,Service-Providing,"South Bend-Mishawaka, IN-MI",2020-07-01,110100,122000,-11900,-0.09754098360655737
18,43780,07,07000000,Service-Providing,"South Bend-Mishawaka, IN-MI",2020-08-01,111500,123100,-11600,-0.09423233143785541
18,43780,07,07000000,Service-Providing,"South Bend-Mishawaka, IN-MI",2020-09-01,111400,124800,-13400,-0.10737179487179487
18,43780,07,07000000,Service-Providing,"South Bend-Mishawaka, IN-MI",2020-10-01,113200,124700,-11500,-0.09222133119486768
18,43780,07,07000000,Service-Providing,"South Bend-Mishawaka, IN-MI",2020-11-01,113700,125100,-11400,-0.09112709832134293
18,43780,07,07000000,Service-Providing,"South Bend-Mishawaka, IN-MI",2020-12-01,112600,125400,-12800,-0.10207336523125997
18,43780,07,07000000,Service-Providing,"South Bend-Mishawaka, IN-MI",2021-01-01,110800,120600,-9800,-0.0812603648424544
18,43780,07,07000000,Service-Providing,"South Bend-Mishawaka, IN-MI",2021-02-01,113100,120500,-7400,-0.061410788381742736
18,43780,07,07000000,Service-Providing,"South Bend-Mishawaka, IN-MI",2021-03-01,113200,119600,-6400,-0.05351170568561873
18,43780,08,08000000,Private Service Providing,"South Bend-Mishawaka, IN-MI",2019-01-01,106700,NA,NA,NA
18,43780,08,08000000,Private Service Providing,"South Bend-Mishawaka, IN-MI",2019-02-01,107100,NA,NA,NA
18,43780,08,08000000,Private Service Providing,"South Bend-Mishawaka, IN-MI",2019-03-01,107400,NA,NA,NA
18,43780,08,08000000,Private Service Providing,"South Bend-Mishawaka, IN-MI",2019-04-01,107300,NA,NA,NA
18,43780,08,08000000,Private Service Providing,"South Bend-Mishawaka, IN-MI",2019-05-01,108100,NA,NA,NA
18,43780,08,08000000,Private Service Providing,"South Bend-Mishawaka, IN-MI",2019-06-01,108400,NA,NA,NA
18,43780,08,08000000,Private Service Providing,"South Bend-Mishawaka, IN-MI",2019-07-01,108300,NA,NA,NA
18,43780,08,08000000,Private Service Providing,"South Bend-Mishawaka, IN-MI",2019-08-01,109300,NA,NA,NA
18,43780,08,08000000,Private Service Providing,"South Bend-Mishawaka, IN-MI",2019-09-01,109700,NA,NA,NA
18,43780,08,08000000,Private Service Providing,"South Bend-Mishawaka, IN-MI",2019-10-01,109400,NA,NA,NA
18,43780,08,08000000,Private Service Providing,"South Bend-Mishawaka, IN-MI",2019-11-01,109700,NA,NA,NA
18,43780,08,08000000,Private Service Providing,"South Bend-Mishawaka, IN-MI",2019-12-01,110000,NA,NA,NA
18,43780,08,08000000,Private Service Providing,"South Bend-Mishawaka, IN-MI",2020-01-01,105300,106700,-1400,-0.013120899718837863
18,43780,08,08000000,Private Service Providing,"South Bend-Mishawaka, IN-MI",2020-02-01,105200,107100,-1900,-0.017740429505135387
18,43780,08,08000000,Private Service Providing,"South Bend-Mishawaka, IN-MI",2020-03-01,104200,107400,-3200,-0.0297951582867784
18,43780,08,08000000,Private Service Providing,"South Bend-Mishawaka, IN-MI",2020-04-01,88200,107300,-19100,-0.17800559179869524
18,43780,08,08000000,Private Service Providing,"South Bend-Mishawaka, IN-MI",2020-05-01,92600,108100,-15500,-0.14338575393154487
18,43780,08,08000000,Private Service Providing,"South Bend-Mishawaka, IN-MI",2020-06-01,95900,108400,-12500,-0.11531365313653137
18,43780,08,08000000,Private Service Providing,"South Bend-Mishawaka, IN-MI",2020-07-01,97100,108300,-11200,-0.10341643582640812
18,43780,08,08000000,Private Service Providing,"South Bend-Mishawaka, IN-MI",2020-08-01,97900,109300,-11400,-0.10430009149130832
18,43780,08,08000000,Private Service Providing,"South Bend-Mishawaka, IN-MI",2020-09-01,97000,109700,-12700,-0.11577028258887875
18,43780,08,08000000,Private Service Providing,"South Bend-Mishawaka, IN-MI",2020-10-01,98500,109400,-10900,-0.09963436928702012
18,43780,08,08000000,Private Service Providing,"South Bend-Mishawaka, IN-MI",2020-11-01,99100,109700,-10600,-0.09662716499544212
18,43780,08,08000000,Private Service Providing,"South Bend-Mishawaka, IN-MI",2020-12-01,98300,110000,-11700,-0.10636363636363637
18,43780,08,08000000,Private Service Providing,"South Bend-Mishawaka, IN-MI",2021-01-01,96900,105300,-8400,-0.07977207977207977
18,43780,08,08000000,Private Service Providing,"South Bend-Mishawaka, IN-MI",2021-02-01,98800,105200,-6400,-0.060836501901140684
18,43780,08,08000000,Private Service Providing,"South Bend-Mishawaka, IN-MI",2021-03-01,98900,104200,-5300,-0.0508637236084453
18,43780,15,15000000,"Mining, Logging and Construction","South Bend-Mishawaka, IN-MI",2019-01-01,5400,NA,NA,NA
18,43780,15,15000000,"Mining, Logging and Construction","South Bend-Mishawaka, IN-MI",2019-02-01,5400,NA,NA,NA
18,43780,15,15000000,"Mining, Logging and Construction","South Bend-Mishawaka, IN-MI",2019-03-01,5600,NA,NA,NA
18,43780,15,15000000,"Mining, Logging and Construction","South Bend-Mishawaka, IN-MI",2019-04-01,5900,NA,NA,NA
18,43780,15,15000000,"Mining, Logging and Construction","South Bend-Mishawaka, IN-MI",2019-05-01,6000,NA,NA,NA
18,43780,15,15000000,"Mining, Logging and Construction","South Bend-Mishawaka, IN-MI",2019-06-01,6200,NA,NA,NA
18,43780,15,15000000,"Mining, Logging and Construction","South Bend-Mishawaka, IN-MI",2019-07-01,6300,NA,NA,NA
18,43780,15,15000000,"Mining, Logging and Construction","South Bend-Mishawaka, IN-MI",2019-08-01,6200,NA,NA,NA
18,43780,15,15000000,"Mining, Logging and Construction","South Bend-Mishawaka, IN-MI",2019-09-01,6200,NA,NA,NA
18,43780,15,15000000,"Mining, Logging and Construction","South Bend-Mishawaka, IN-MI",2019-10-01,6200,NA,NA,NA
18,43780,15,15000000,"Mining, Logging and Construction","South Bend-Mishawaka, IN-MI",2019-11-01,6100,NA,NA,NA
18,43780,15,15000000,"Mining, Logging and Construction","South Bend-Mishawaka, IN-MI",2019-12-01,5900,NA,NA,NA
18,43780,15,15000000,"Mining, Logging and Construction","South Bend-Mishawaka, IN-MI",2020-01-01,5600,5400,200,0.037037037037037035
18,43780,15,15000000,"Mining, Logging and Construction","South Bend-Mishawaka, IN-MI",2020-02-01,5500,5400,100,0.018518518518518517
18,43780,15,15000000,"Mining, Logging and Construction","South Bend-Mishawaka, IN-MI",2020-03-01,5600,5600,0,0
18,43780,15,15000000,"Mining, Logging and Construction","South Bend-Mishawaka, IN-MI",2020-04-01,5100,5900,-800,-0.13559322033898305
18,43780,15,15000000,"Mining, Logging and Construction","South Bend-Mishawaka, IN-MI",2020-05-01,5600,6000,-400,-0.06666666666666667
18,43780,15,15000000,"Mining, Logging and Construction","South Bend-Mishawaka, IN-MI",2020-06-01,5800,6200,-400,-0.06451612903225806
18,43780,15,15000000,"Mining, Logging and Construction","South Bend-Mishawaka, IN-MI",2020-07-01,5900,6300,-400,-0.06349206349206349
18,43780,15,15000000,"Mining, Logging and Construction","South Bend-Mishawaka, IN-MI",2020-08-01,5900,6200,-300,-0.04838709677419355
18,43780,15,15000000,"Mining, Logging and Construction","South Bend-Mishawaka, IN-MI",2020-09-01,5600,6200,-600,-0.0967741935483871
18,43780,15,15000000,"Mining, Logging and Construction","South Bend-Mishawaka, IN-MI",2020-10-01,5300,6200,-900,-0.14516129032258066
18,43780,15,15000000,"Mining, Logging and Construction","South Bend-Mishawaka, IN-MI",2020-11-01,5400,6100,-700,-0.11475409836065574
18,43780,15,15000000,"Mining, Logging and Construction","South Bend-Mishawaka, IN-MI",2020-12-01,5100,5900,-800,-0.13559322033898305
18,43780,15,15000000,"Mining, Logging and Construction","South Bend-Mishawaka, IN-MI",2021-01-01,4800,5600,-800,-0.14285714285714285
18,43780,15,15000000,"Mining, Logging and Construction","South Bend-Mishawaka, IN-MI",2021-02-01,4700,5500,-800,-0.14545454545454545
18,43780,15,15000000,"Mining, Logging and Construction","South Bend-Mishawaka, IN-MI",2021-03-01,4800,5600,-800,-0.14285714285714285
18,43780,30,30000000,Manufacturing,"South Bend-Mishawaka, IN-MI",2019-01-01,17400,NA,NA,NA
18,43780,30,30000000,Manufacturing,"South Bend-Mishawaka, IN-MI",2019-02-01,17400,NA,NA,NA
18,43780,30,30000000,Manufacturing,"South Bend-Mishawaka, IN-MI",2019-03-01,17300,NA,NA,NA
18,43780,30,30000000,Manufacturing,"South Bend-Mishawaka, IN-MI",2019-04-01,17300,NA,NA,NA
18,43780,30,30000000,Manufacturing,"South Bend-Mishawaka, IN-MI",2019-05-01,17500,NA,NA,NA
18,43780,30,30000000,Manufacturing,"South Bend-Mishawaka, IN-MI",2019-06-01,17500,NA,NA,NA
18,43780,30,30000000,Manufacturing,"South Bend-Mishawaka, IN-MI",2019-07-01,17200,NA,NA,NA
18,43780,30,30000000,Manufacturing,"South Bend-Mishawaka, IN-MI",2019-08-01,17500,NA,NA,NA
18,43780,30,30000000,Manufacturing,"South Bend-Mishawaka, IN-MI",2019-09-01,17400,NA,NA,NA
18,43780,30,30000000,Manufacturing,"South Bend-Mishawaka, IN-MI",2019-10-01,17100,NA,NA,NA
18,43780,30,30000000,Manufacturing,"South Bend-Mishawaka, IN-MI",2019-11-01,17200,NA,NA,NA
18,43780,30,30000000,Manufacturing,"South Bend-Mishawaka, IN-MI",2019-12-01,17200,NA,NA,NA
18,43780,30,30000000,Manufacturing,"South Bend-Mishawaka, IN-MI",2020-01-01,16800,17400,-600,-0.034482758620689655
18,43780,30,30000000,Manufacturing,"South Bend-Mishawaka, IN-MI",2020-02-01,17000,17400,-400,-0.022988505747126436
18,43780,30,30000000,Manufacturing,"South Bend-Mishawaka, IN-MI",2020-03-01,16900,17300,-400,-0.023121387283236993
18,43780,30,30000000,Manufacturing,"South Bend-Mishawaka, IN-MI",2020-04-01,13700,17300,-3600,-0.20809248554913296
18,43780,30,30000000,Manufacturing,"South Bend-Mishawaka, IN-MI",2020-05-01,14400,17500,-3100,-0.17714285714285713
18,43780,30,30000000,Manufacturing,"South Bend-Mishawaka, IN-MI",2020-06-01,15100,17500,-2400,-0.13714285714285715
18,43780,30,30000000,Manufacturing,"South Bend-Mishawaka, IN-MI",2020-07-01,15300,17200,-1900,-0.11046511627906977
18,43780,30,30000000,Manufacturing,"South Bend-Mishawaka, IN-MI",2020-08-01,15700,17500,-1800,-0.10285714285714286
18,43780,30,30000000,Manufacturing,"South Bend-Mishawaka, IN-MI",2020-09-01,15700,17400,-1700,-0.09770114942528736
18,43780,30,30000000,Manufacturing,"South Bend-Mishawaka, IN-MI",2020-10-01,16000,17100,-1100,-0.06432748538011696
18,43780,30,30000000,Manufacturing,"South Bend-Mishawaka, IN-MI",2020-11-01,16000,17200,-1200,-0.06976744186046512
18,43780,30,30000000,Manufacturing,"South Bend-Mishawaka, IN-MI",2020-12-01,16300,17200,-900,-0.05232558139534884
18,43780,30,30000000,Manufacturing,"South Bend-Mishawaka, IN-MI",2021-01-01,16000,16800,-800,-0.047619047619047616
18,43780,30,30000000,Manufacturing,"South Bend-Mishawaka, IN-MI",2021-02-01,16200,17000,-800,-0.047058823529411764
18,43780,30,30000000,Manufacturing,"South Bend-Mishawaka, IN-MI",2021-03-01,16500,16900,-400,-0.023668639053254437
18,43780,40,40000000,"Trade, Transportation, and Utilities","South Bend-Mishawaka, IN-MI",2019-01-01,25800,NA,NA,NA
18,43780,40,40000000,"Trade, Transportation, and Utilities","South Bend-Mishawaka, IN-MI",2019-02-01,25600,NA,NA,NA
18,43780,40,40000000,"Trade, Transportation, and Utilities","South Bend-Mishawaka, IN-MI",2019-03-01,25700,NA,NA,NA
18,43780,40,40000000,"Trade, Transportation, and Utilities","South Bend-Mishawaka, IN-MI",2019-04-01,25600,NA,NA,NA
18,43780,40,40000000,"Trade, Transportation, and Utilities","South Bend-Mishawaka, IN-MI",2019-05-01,25900,NA,NA,NA
18,43780,40,40000000,"Trade, Transportation, and Utilities","South Bend-Mishawaka, IN-MI",2019-06-01,26000,NA,NA,NA
18,43780,40,40000000,"Trade, Transportation, and Utilities","South Bend-Mishawaka, IN-MI",2019-07-01,25700,NA,NA,NA
18,43780,40,40000000,"Trade, Transportation, and Utilities","South Bend-Mishawaka, IN-MI",2019-08-01,25700,NA,NA,NA
18,43780,40,40000000,"Trade, Transportation, and Utilities","South Bend-Mishawaka, IN-MI",2019-09-01,25900,NA,NA,NA
18,43780,40,40000000,"Trade, Transportation, and Utilities","South Bend-Mishawaka, IN-MI",2019-10-01,26300,NA,NA,NA
18,43780,40,40000000,"Trade, Transportation, and Utilities","South Bend-Mishawaka, IN-MI",2019-11-01,26700,NA,NA,NA
18,43780,40,40000000,"Trade, Transportation, and Utilities","South Bend-Mishawaka, IN-MI",2019-12-01,27000,NA,NA,NA
18,43780,40,40000000,"Trade, Transportation, and Utilities","South Bend-Mishawaka, IN-MI",2020-01-01,25700,25800,-100,-0.003875968992248062
18,43780,40,40000000,"Trade, Transportation, and Utilities","South Bend-Mishawaka, IN-MI",2020-02-01,25400,25600,-200,-0.0078125
18,43780,40,40000000,"Trade, Transportation, and Utilities","South Bend-Mishawaka, IN-MI",2020-03-01,25600,25700,-100,-0.0038910505836575876
18,43780,40,40000000,"Trade, Transportation, and Utilities","South Bend-Mishawaka, IN-MI",2020-04-01,22300,25600,-3300,-0.12890625
18,43780,40,40000000,"Trade, Transportation, and Utilities","South Bend-Mishawaka, IN-MI",2020-05-01,23500,25900,-2400,-0.09266409266409266
18,43780,40,40000000,"Trade, Transportation, and Utilities","South Bend-Mishawaka, IN-MI",2020-06-01,24600,26000,-1400,-0.05384615384615385
18,43780,40,40000000,"Trade, Transportation, and Utilities","South Bend-Mishawaka, IN-MI",2020-07-01,24800,25700,-900,-0.03501945525291829
18,43780,40,40000000,"Trade, Transportation, and Utilities","South Bend-Mishawaka, IN-MI",2020-08-01,25100,25700,-600,-0.023346303501945526
18,43780,40,40000000,"Trade, Transportation, and Utilities","South Bend-Mishawaka, IN-MI",2020-09-01,25000,25900,-900,-0.03474903474903475
18,43780,40,40000000,"Trade, Transportation, and Utilities","South Bend-Mishawaka, IN-MI",2020-10-01,25400,26300,-900,-0.034220532319391636
18,43780,40,40000000,"Trade, Transportation, and Utilities","South Bend-Mishawaka, IN-MI",2020-11-01,25900,26700,-800,-0.0299625468164794
18,43780,40,40000000,"Trade, Transportation, and Utilities","South Bend-Mishawaka, IN-MI",2020-12-01,26000,27000,-1000,-0.037037037037037035
18,43780,40,40000000,"Trade, Transportation, and Utilities","South Bend-Mishawaka, IN-MI",2021-01-01,25300,25700,-400,-0.01556420233463035
18,43780,40,40000000,"Trade, Transportation, and Utilities","South Bend-Mishawaka, IN-MI",2021-02-01,25200,25400,-200,-0.007874015748031496
18,43780,40,40000000,"Trade, Transportation, and Utilities","South Bend-Mishawaka, IN-MI",2021-03-01,25100,25600,-500,-0.01953125
18,43780,41,41000000,Wholesale Trade,"South Bend-Mishawaka, IN-MI",2019-01-01,6800,NA,NA,NA
18,43780,41,41000000,Wholesale Trade,"South Bend-Mishawaka, IN-MI",2019-02-01,6800,NA,NA,NA
18,43780,41,41000000,Wholesale Trade,"South Bend-Mishawaka, IN-MI",2019-03-01,6800,NA,NA,NA
18,43780,41,41000000,Wholesale Trade,"South Bend-Mishawaka, IN-MI",2019-04-01,6800,NA,NA,NA
18,43780,41,41000000,Wholesale Trade,"South Bend-Mishawaka, IN-MI",2019-05-01,6800,NA,NA,NA
18,43780,41,41000000,Wholesale Trade,"South Bend-Mishawaka, IN-MI",2019-06-01,6800,NA,NA,NA
18,43780,41,41000000,Wholesale Trade,"South Bend-Mishawaka, IN-MI",2019-07-01,6700,NA,NA,NA
18,43780,41,41000000,Wholesale Trade,"South Bend-Mishawaka, IN-MI",2019-08-01,6700,NA,NA,NA
18,43780,41,41000000,Wholesale Trade,"South Bend-Mishawaka, IN-MI",2019-09-01,6700,NA,NA,NA
18,43780,41,41000000,Wholesale Trade,"South Bend-Mishawaka, IN-MI",2019-10-01,6800,NA,NA,NA
18,43780,41,41000000,Wholesale Trade,"South Bend-Mishawaka, IN-MI",2019-11-01,6800,NA,NA,NA
18,43780,41,41000000,Wholesale Trade,"South Bend-Mishawaka, IN-MI",2019-12-01,6800,NA,NA,NA
18,43780,41,41000000,Wholesale Trade,"South Bend-Mishawaka, IN-MI",2020-01-01,6700,6800,-100,-0.014705882352941176
18,43780,41,41000000,Wholesale Trade,"South Bend-Mishawaka, IN-MI",2020-02-01,6700,6800,-100,-0.014705882352941176
18,43780,41,41000000,Wholesale Trade,"South Bend-Mishawaka, IN-MI",2020-03-01,6800,6800,0,0
18,43780,41,41000000,Wholesale Trade,"South Bend-Mishawaka, IN-MI",2020-04-01,6300,6800,-500,-0.07352941176470588
18,43780,41,41000000,Wholesale Trade,"South Bend-Mishawaka, IN-MI",2020-05-01,6300,6800,-500,-0.07352941176470588
18,43780,41,41000000,Wholesale Trade,"South Bend-Mishawaka, IN-MI",2020-06-01,6300,6800,-500,-0.07352941176470588
18,43780,41,41000000,Wholesale Trade,"South Bend-Mishawaka, IN-MI",2020-07-01,6400,6700,-300,-0.04477611940298507
18,43780,41,41000000,Wholesale Trade,"South Bend-Mishawaka, IN-MI",2020-08-01,6500,6700,-200,-0.029850746268656716
18,43780,41,41000000,Wholesale Trade,"South Bend-Mishawaka, IN-MI",2020-09-01,6400,6700,-300,-0.04477611940298507
18,43780,41,41000000,Wholesale Trade,"South Bend-Mishawaka, IN-MI",2020-10-01,6400,6800,-400,-0.058823529411764705
18,43780,41,41000000,Wholesale Trade,"South Bend-Mishawaka, IN-MI",2020-11-01,6400,6800,-400,-0.058823529411764705
18,43780,41,41000000,Wholesale Trade,"South Bend-Mishawaka, IN-MI",2020-12-01,6400,6800,-400,-0.058823529411764705
18,43780,41,41000000,Wholesale Trade,"South Bend-Mishawaka, IN-MI",2021-01-01,6400,6700,-300,-0.04477611940298507
18,43780,41,41000000,Wholesale Trade,"South Bend-Mishawaka, IN-MI",2021-02-01,6400,6700,-300,-0.04477611940298507
18,43780,41,41000000,Wholesale Trade,"South Bend-Mishawaka, IN-MI",2021-03-01,6400,6800,-400,-0.058823529411764705
18,43780,42,42000000,Retail Trade,"South Bend-Mishawaka, IN-MI",2019-01-01,14800,NA,NA,NA
18,43780,42,42000000,Retail Trade,"South Bend-Mishawaka, IN-MI",2019-02-01,14600,NA,NA,NA
18,43780,42,42000000,Retail Trade,"South Bend-Mishawaka, IN-MI",2019-03-01,14700,NA,NA,NA
18,43780,42,42000000,Retail Trade,"South Bend-Mishawaka, IN-MI",2019-04-01,14600,NA,NA,NA
18,43780,42,42000000,Retail Trade,"South Bend-Mishawaka, IN-MI",2019-05-01,14800,NA,NA,NA
18,43780,42,42000000,Retail Trade,"South Bend-Mishawaka, IN-MI",2019-06-01,14900,NA,NA,NA
18,43780,42,42000000,Retail Trade,"South Bend-Mishawaka, IN-MI",2019-07-01,14700,NA,NA,NA
18,43780,42,42000000,Retail Trade,"South Bend-Mishawaka, IN-MI",2019-08-01,14700,NA,NA,NA
18,43780,42,42000000,Retail Trade,"South Bend-Mishawaka, IN-MI",2019-09-01,14900,NA,NA,NA
18,43780,42,42000000,Retail Trade,"South Bend-Mishawaka, IN-MI",2019-10-01,15100,NA,NA,NA
18,43780,42,42000000,Retail Trade,"South Bend-Mishawaka, IN-MI",2019-11-01,15500,NA,NA,NA
18,43780,42,42000000,Retail Trade,"South Bend-Mishawaka, IN-MI",2019-12-01,15500,NA,NA,NA
18,43780,42,42000000,Retail Trade,"South Bend-Mishawaka, IN-MI",2020-01-01,14700,14800,-100,-0.006756756756756757
18,43780,42,42000000,Retail Trade,"South Bend-Mishawaka, IN-MI",2020-02-01,14500,14600,-100,-0.00684931506849315
18,43780,42,42000000,Retail Trade,"South Bend-Mishawaka, IN-MI",2020-03-01,14500,14700,-200,-0.013605442176870748
18,43780,42,42000000,Retail Trade,"South Bend-Mishawaka, IN-MI",2020-04-01,11900,14600,-2700,-0.18493150684931506
18,43780,42,42000000,Retail Trade,"South Bend-Mishawaka, IN-MI",2020-05-01,13000,14800,-1800,-0.12162162162162163
18,43780,42,42000000,Retail Trade,"South Bend-Mishawaka, IN-MI",2020-06-01,14000,14900,-900,-0.06040268456375839
18,43780,42,42000000,Retail Trade,"South Bend-Mishawaka, IN-MI",2020-07-01,14100,14700,-600,-0.04081632653061224
18,43780,42,42000000,Retail Trade,"South Bend-Mishawaka, IN-MI",2020-08-01,14200,14700,-500,-0.034013605442176874
18,43780,42,42000000,Retail Trade,"South Bend-Mishawaka, IN-MI",2020-09-01,14200,14900,-700,-0.04697986577181208
18,43780,42,42000000,Retail Trade,"South Bend-Mishawaka, IN-MI",2020-10-01,14400,15100,-700,-0.046357615894039736
18,43780,42,42000000,Retail Trade,"South Bend-Mishawaka, IN-MI",2020-11-01,14800,15500,-700,-0.04516129032258064
18,43780,42,42000000,Retail Trade,"South Bend-Mishawaka, IN-MI",2020-12-01,14800,15500,-700,-0.04516129032258064
18,43780,42,42000000,Retail Trade,"South Bend-Mishawaka, IN-MI",2021-01-01,14300,14700,-400,-0.027210884353741496
18,43780,42,42000000,Retail Trade,"South Bend-Mishawaka, IN-MI",2021-02-01,14300,14500,-200,-0.013793103448275862
18,43780,42,42000000,Retail Trade,"South Bend-Mishawaka, IN-MI",2021-03-01,14100,14500,-400,-0.027586206896551724
18,43780,42,42452000,General Merchandise Stores,"South Bend-Mishawaka, IN-MI",2019-01-01,3600,NA,NA,NA
18,43780,42,42452000,General Merchandise Stores,"South Bend-Mishawaka, IN-MI",2019-02-01,3400,NA,NA,NA
18,43780,42,42452000,General Merchandise Stores,"South Bend-Mishawaka, IN-MI",2019-03-01,3400,NA,NA,NA
18,43780,42,42452000,General Merchandise Stores,"South Bend-Mishawaka, IN-MI",2019-04-01,3400,NA,NA,NA
18,43780,42,42452000,General Merchandise Stores,"South Bend-Mishawaka, IN-MI",2019-05-01,3500,NA,NA,NA
18,43780,42,42452000,General Merchandise Stores,"South Bend-Mishawaka, IN-MI",2019-06-01,3400,NA,NA,NA
18,43780,42,42452000,General Merchandise Stores,"South Bend-Mishawaka, IN-MI",2019-07-01,3400,NA,NA,NA
18,43780,42,42452000,General Merchandise Stores,"South Bend-Mishawaka, IN-MI",2019-08-01,3400,NA,NA,NA
18,43780,42,42452000,General Merchandise Stores,"South Bend-Mishawaka, IN-MI",2019-09-01,3400,NA,NA,NA
18,43780,42,42452000,General Merchandise Stores,"South Bend-Mishawaka, IN-MI",2019-10-01,3500,NA,NA,NA
18,43780,42,42452000,General Merchandise Stores,"South Bend-Mishawaka, IN-MI",2019-11-01,3700,NA,NA,NA
18,43780,42,42452000,General Merchandise Stores,"South Bend-Mishawaka, IN-MI",2019-12-01,3800,NA,NA,NA
18,43780,42,42452000,General Merchandise Stores,"South Bend-Mishawaka, IN-MI",2020-01-01,3400,3600,-200,-0.05555555555555555
18,43780,42,42452000,General Merchandise Stores,"South Bend-Mishawaka, IN-MI",2020-02-01,3300,3400,-100,-0.029411764705882353
18,43780,42,42452000,General Merchandise Stores,"South Bend-Mishawaka, IN-MI",2020-03-01,3400,3400,0,0
18,43780,42,42452000,General Merchandise Stores,"South Bend-Mishawaka, IN-MI",2020-04-01,3100,3400,-300,-0.08823529411764706
18,43780,42,42452000,General Merchandise Stores,"South Bend-Mishawaka, IN-MI",2020-05-01,3200,3500,-300,-0.08571428571428572
18,43780,42,42452000,General Merchandise Stores,"South Bend-Mishawaka, IN-MI",2020-06-01,3500,3400,100,0.029411764705882353
18,43780,42,42452000,General Merchandise Stores,"South Bend-Mishawaka, IN-MI",2020-07-01,3400,3400,0,0
18,43780,42,42452000,General Merchandise Stores,"South Bend-Mishawaka, IN-MI",2020-08-01,3500,3400,100,0.029411764705882353
18,43780,42,42452000,General Merchandise Stores,"South Bend-Mishawaka, IN-MI",2020-09-01,3400,3400,0,0
18,43780,42,42452000,General Merchandise Stores,"South Bend-Mishawaka, IN-MI",2020-10-01,3600,3500,100,0.02857142857142857
18,43780,42,42452000,General Merchandise Stores,"South Bend-Mishawaka, IN-MI",2020-11-01,3700,3700,0,0
18,43780,42,42452000,General Merchandise Stores,"South Bend-Mishawaka, IN-MI",2020-12-01,3800,3800,0,0
18,43780,42,42452000,General Merchandise Stores,"South Bend-Mishawaka, IN-MI",2021-01-01,3500,3400,100,0.029411764705882353
18,43780,42,42452000,General Merchandise Stores,"South Bend-Mishawaka, IN-MI",2021-02-01,3400,3300,100,0.030303030303030304
18,43780,42,42452000,General Merchandise Stores,"South Bend-Mishawaka, IN-MI",2021-03-01,3300,3400,-100,-0.029411764705882353
18,43780,43,43000000,"Transportation, Warehousing, and Utilities","South Bend-Mishawaka, IN-MI",2019-01-01,4200,NA,NA,NA
18,43780,43,43000000,"Transportation, Warehousing, and Utilities","South Bend-Mishawaka, IN-MI",2019-02-01,4200,NA,NA,NA
18,43780,43,43000000,"Transportation, Warehousing, and Utilities","South Bend-Mishawaka, IN-MI",2019-03-01,4200,NA,NA,NA
18,43780,43,43000000,"Transportation, Warehousing, and Utilities","South Bend-Mishawaka, IN-MI",2019-04-01,4200,NA,NA,NA
18,43780,43,43000000,"Transportation, Warehousing, and Utilities","South Bend-Mishawaka, IN-MI",2019-05-01,4300,NA,NA,NA
18,43780,43,43000000,"Transportation, Warehousing, and Utilities","South Bend-Mishawaka, IN-MI",2019-06-01,4300,NA,NA,NA
18,43780,43,43000000,"Transportation, Warehousing, and Utilities","South Bend-Mishawaka, IN-MI",2019-07-01,4300,NA,NA,NA
18,43780,43,43000000,"Transportation, Warehousing, and Utilities","South Bend-Mishawaka, IN-MI",2019-08-01,4300,NA,NA,NA
18,43780,43,43000000,"Transportation, Warehousing, and Utilities","South Bend-Mishawaka, IN-MI",2019-09-01,4300,NA,NA,NA
18,43780,43,43000000,"Transportation, Warehousing, and Utilities","South Bend-Mishawaka, IN-MI",2019-10-01,4400,NA,NA,NA
18,43780,43,43000000,"Transportation, Warehousing, and Utilities","South Bend-Mishawaka, IN-MI",2019-11-01,4400,NA,NA,NA
18,43780,43,43000000,"Transportation, Warehousing, and Utilities","South Bend-Mishawaka, IN-MI",2019-12-01,4700,NA,NA,NA
18,43780,43,43000000,"Transportation, Warehousing, and Utilities","South Bend-Mishawaka, IN-MI",2020-01-01,4300,4200,100,0.023809523809523808
18,43780,43,43000000,"Transportation, Warehousing, and Utilities","South Bend-Mishawaka, IN-MI",2020-02-01,4200,4200,0,0
18,43780,43,43000000,"Transportation, Warehousing, and Utilities","South Bend-Mishawaka, IN-MI",2020-03-01,4300,4200,100,0.023809523809523808
18,43780,43,43000000,"Transportation, Warehousing, and Utilities","South Bend-Mishawaka, IN-MI",2020-04-01,4100,4200,-100,-0.023809523809523808
18,43780,43,43000000,"Transportation, Warehousing, and Utilities","South Bend-Mishawaka, IN-MI",2020-05-01,4200,4300,-100,-0.023255813953488372
18,43780,43,43000000,"Transportation, Warehousing, and Utilities","South Bend-Mishawaka, IN-MI",2020-06-01,4300,4300,0,0
18,43780,43,43000000,"Transportation, Warehousing, and Utilities","South Bend-Mishawaka, IN-MI",2020-07-01,4300,4300,0,0
18,43780,43,43000000,"Transportation, Warehousing, and Utilities","South Bend-Mishawaka, IN-MI",2020-08-01,4400,4300,100,0.023255813953488372
18,43780,43,43000000,"Transportation, Warehousing, and Utilities","South Bend-Mishawaka, IN-MI",2020-09-01,4400,4300,100,0.023255813953488372
18,43780,43,43000000,"Transportation, Warehousing, and Utilities","South Bend-Mishawaka, IN-MI",2020-10-01,4600,4400,200,0.045454545454545456
18,43780,43,43000000,"Transportation, Warehousing, and Utilities","South Bend-Mishawaka, IN-MI",2020-11-01,4700,4400,300,0.06818181818181818
18,43780,43,43000000,"Transportation, Warehousing, and Utilities","South Bend-Mishawaka, IN-MI",2020-12-01,4800,4700,100,0.02127659574468085
18,43780,43,43000000,"Transportation, Warehousing, and Utilities","South Bend-Mishawaka, IN-MI",2021-01-01,4600,4300,300,0.06976744186046512
18,43780,43,43000000,"Transportation, Warehousing, and Utilities","South Bend-Mishawaka, IN-MI",2021-02-01,4500,4200,300,0.07142857142857142
18,43780,43,43000000,"Transportation, Warehousing, and Utilities","South Bend-Mishawaka, IN-MI",2021-03-01,4600,4300,300,0.06976744186046512
18,43780,50,50000000,Information,"South Bend-Mishawaka, IN-MI",2019-01-01,1400,NA,NA,NA
18,43780,50,50000000,Information,"South Bend-Mishawaka, IN-MI",2019-02-01,1400,NA,NA,NA
18,43780,50,50000000,Information,"South Bend-Mishawaka, IN-MI",2019-03-01,1400,NA,NA,NA
18,43780,50,50000000,Information,"South Bend-Mishawaka, IN-MI",2019-04-01,1400,NA,NA,NA
18,43780,50,50000000,Information,"South Bend-Mishawaka, IN-MI",2019-05-01,1400,NA,NA,NA
18,43780,50,50000000,Information,"South Bend-Mishawaka, IN-MI",2019-06-01,1400,NA,NA,NA
18,43780,50,50000000,Information,"South Bend-Mishawaka, IN-MI",2019-07-01,1400,NA,NA,NA
18,43780,50,50000000,Information,"South Bend-Mishawaka, IN-MI",2019-08-01,1400,NA,NA,NA
18,43780,50,50000000,Information,"South Bend-Mishawaka, IN-MI",2019-09-01,1400,NA,NA,NA
18,43780,50,50000000,Information,"South Bend-Mishawaka, IN-MI",2019-10-01,1400,NA,NA,NA
18,43780,50,50000000,Information,"South Bend-Mishawaka, IN-MI",2019-11-01,1400,NA,NA,NA
18,43780,50,50000000,Information,"South Bend-Mishawaka, IN-MI",2019-12-01,1400,NA,NA,NA
18,43780,50,50000000,Information,"South Bend-Mishawaka, IN-MI",2020-01-01,1300,1400,-100,-0.07142857142857142
18,43780,50,50000000,Information,"South Bend-Mishawaka, IN-MI",2020-02-01,1400,1400,0,0
18,43780,50,50000000,Information,"South Bend-Mishawaka, IN-MI",2020-03-01,1300,1400,-100,-0.07142857142857142
18,43780,50,50000000,Information,"South Bend-Mishawaka, IN-MI",2020-04-01,1200,1400,-200,-0.14285714285714285
18,43780,50,50000000,Information,"South Bend-Mishawaka, IN-MI",2020-05-01,1200,1400,-200,-0.14285714285714285
18,43780,50,50000000,Information,"South Bend-Mishawaka, IN-MI",2020-06-01,1200,1400,-200,-0.14285714285714285
18,43780,50,50000000,Information,"South Bend-Mishawaka, IN-MI",2020-07-01,1200,1400,-200,-0.14285714285714285
18,43780,50,50000000,Information,"South Bend-Mishawaka, IN-MI",2020-08-01,1200,1400,-200,-0.14285714285714285
18,43780,50,50000000,Information,"South Bend-Mishawaka, IN-MI",2020-09-01,1200,1400,-200,-0.14285714285714285
18,43780,50,50000000,Information,"South Bend-Mishawaka, IN-MI",2020-10-01,1200,1400,-200,-0.14285714285714285
18,43780,50,50000000,Information,"South Bend-Mishawaka, IN-MI",2020-11-01,1200,1400,-200,-0.14285714285714285
18,43780,50,50000000,Information,"South Bend-Mishawaka, IN-MI",2020-12-01,1200,1400,-200,-0.14285714285714285
18,43780,50,50000000,Information,"South Bend-Mishawaka, IN-MI",2021-01-01,1200,1300,-100,-0.07692307692307693
18,43780,50,50000000,Information,"South Bend-Mishawaka, IN-MI",2021-02-01,1200,1400,-200,-0.14285714285714285
18,43780,50,50000000,Information,"South Bend-Mishawaka, IN-MI",2021-03-01,1200,1300,-100,-0.07692307692307693
18,43780,55,55000000,Financial Activities,"South Bend-Mishawaka, IN-MI",2019-01-01,6000,NA,NA,NA
18,43780,55,55000000,Financial Activities,"South Bend-Mishawaka, IN-MI",2019-02-01,6100,NA,NA,NA
18,43780,55,55000000,Financial Activities,"South Bend-Mishawaka, IN-MI",2019-03-01,6000,NA,NA,NA
18,43780,55,55000000,Financial Activities,"South Bend-Mishawaka, IN-MI",2019-04-01,6100,NA,NA,NA
18,43780,55,55000000,Financial Activities,"South Bend-Mishawaka, IN-MI",2019-05-01,6200,NA,NA,NA
18,43780,55,55000000,Financial Activities,"South Bend-Mishawaka, IN-MI",2019-06-01,6200,NA,NA,NA
18,43780,55,55000000,Financial Activities,"South Bend-Mishawaka, IN-MI",2019-07-01,6200,NA,NA,NA
18,43780,55,55000000,Financial Activities,"South Bend-Mishawaka, IN-MI",2019-08-01,6200,NA,NA,NA
18,43780,55,55000000,Financial Activities,"South Bend-Mishawaka, IN-MI",2019-09-01,6000,NA,NA,NA
18,43780,55,55000000,Financial Activities,"South Bend-Mishawaka, IN-MI",2019-10-01,6100,NA,NA,NA
18,43780,55,55000000,Financial Activities,"South Bend-Mishawaka, IN-MI",2019-11-01,6100,NA,NA,NA
18,43780,55,55000000,Financial Activities,"South Bend-Mishawaka, IN-MI",2019-12-01,6000,NA,NA,NA
18,43780,55,55000000,Financial Activities,"South Bend-Mishawaka, IN-MI",2020-01-01,6000,6000,0,0
18,43780,55,55000000,Financial Activities,"South Bend-Mishawaka, IN-MI",2020-02-01,6000,6100,-100,-0.01639344262295082
18,43780,55,55000000,Financial Activities,"South Bend-Mishawaka, IN-MI",2020-03-01,6000,6000,0,0
18,43780,55,55000000,Financial Activities,"South Bend-Mishawaka, IN-MI",2020-04-01,5700,6100,-400,-0.06557377049180328
18,43780,55,55000000,Financial Activities,"South Bend-Mishawaka, IN-MI",2020-05-01,5700,6200,-500,-0.08064516129032258
18,43780,55,55000000,Financial Activities,"South Bend-Mishawaka, IN-MI",2020-06-01,5800,6200,-400,-0.06451612903225806
18,43780,55,55000000,Financial Activities,"South Bend-Mishawaka, IN-MI",2020-07-01,5900,6200,-300,-0.04838709677419355
18,43780,55,55000000,Financial Activities,"South Bend-Mishawaka, IN-MI",2020-08-01,5900,6200,-300,-0.04838709677419355
18,43780,55,55000000,Financial Activities,"South Bend-Mishawaka, IN-MI",2020-09-01,5800,6000,-200,-0.03333333333333333
18,43780,55,55000000,Financial Activities,"South Bend-Mishawaka, IN-MI",2020-10-01,5900,6100,-200,-0.03278688524590164
18,43780,55,55000000,Financial Activities,"South Bend-Mishawaka, IN-MI",2020-11-01,5900,6100,-200,-0.03278688524590164
18,43780,55,55000000,Financial Activities,"South Bend-Mishawaka, IN-MI",2020-12-01,5900,6000,-100,-0.016666666666666666
18,43780,55,55000000,Financial Activities,"South Bend-Mishawaka, IN-MI",2021-01-01,5800,6000,-200,-0.03333333333333333
18,43780,55,55000000,Financial Activities,"South Bend-Mishawaka, IN-MI",2021-02-01,5800,6000,-200,-0.03333333333333333
18,43780,55,55000000,Financial Activities,"South Bend-Mishawaka, IN-MI",2021-03-01,5800,6000,-200,-0.03333333333333333
18,43780,60,60000000,Professional and Business Services,"South Bend-Mishawaka, IN-MI",2019-01-01,13800,NA,NA,NA
18,43780,60,60000000,Professional and Business Services,"South Bend-Mishawaka, IN-MI",2019-02-01,13700,NA,NA,NA
18,43780,60,60000000,Professional and Business Services,"South Bend-Mishawaka, IN-MI",2019-03-01,13600,NA,NA,NA
18,43780,60,60000000,Professional and Business Services,"South Bend-Mishawaka, IN-MI",2019-04-01,14300,NA,NA,NA
18,43780,60,60000000,Professional and Business Services,"South Bend-Mishawaka, IN-MI",2019-05-01,14300,NA,NA,NA
18,43780,60,60000000,Professional and Business Services,"South Bend-Mishawaka, IN-MI",2019-06-01,14400,NA,NA,NA
18,43780,60,60000000,Professional and Business Services,"South Bend-Mishawaka, IN-MI",2019-07-01,14200,NA,NA,NA
18,43780,60,60000000,Professional and Business Services,"South Bend-Mishawaka, IN-MI",2019-08-01,14600,NA,NA,NA
18,43780,60,60000000,Professional and Business Services,"South Bend-Mishawaka, IN-MI",2019-09-01,14600,NA,NA,NA
18,43780,60,60000000,Professional and Business Services,"South Bend-Mishawaka, IN-MI",2019-10-01,14600,NA,NA,NA
18,43780,60,60000000,Professional and Business Services,"South Bend-Mishawaka, IN-MI",2019-11-01,14500,NA,NA,NA
18,43780,60,60000000,Professional and Business Services,"South Bend-Mishawaka, IN-MI",2019-12-01,14400,NA,NA,NA
18,43780,60,60000000,Professional and Business Services,"South Bend-Mishawaka, IN-MI",2020-01-01,14000,13800,200,0.014492753623188406
18,43780,60,60000000,Professional and Business Services,"South Bend-Mishawaka, IN-MI",2020-02-01,14000,13700,300,0.021897810218978103
18,43780,60,60000000,Professional and Business Services,"South Bend-Mishawaka, IN-MI",2020-03-01,14000,13600,400,0.029411764705882353
18,43780,60,60000000,Professional and Business Services,"South Bend-Mishawaka, IN-MI",2020-04-01,12500,14300,-1800,-0.1258741258741259
18,43780,60,60000000,Professional and Business Services,"South Bend-Mishawaka, IN-MI",2020-05-01,12900,14300,-1400,-0.0979020979020979
18,43780,60,60000000,Professional and Business Services,"South Bend-Mishawaka, IN-MI",2020-06-01,13200,14400,-1200,-0.08333333333333333
18,43780,60,60000000,Professional and Business Services,"South Bend-Mishawaka, IN-MI",2020-07-01,13300,14200,-900,-0.06338028169014084
18,43780,60,60000000,Professional and Business Services,"South Bend-Mishawaka, IN-MI",2020-08-01,13400,14600,-1200,-0.0821917808219178
18,43780,60,60000000,Professional and Business Services,"South Bend-Mishawaka, IN-MI",2020-09-01,13400,14600,-1200,-0.0821917808219178
18,43780,60,60000000,Professional and Business Services,"South Bend-Mishawaka, IN-MI",2020-10-01,13400,14600,-1200,-0.0821917808219178
18,43780,60,60000000,Professional and Business Services,"South Bend-Mishawaka, IN-MI",2020-11-01,13500,14500,-1000,-0.06896551724137931
18,43780,60,60000000,Professional and Business Services,"South Bend-Mishawaka, IN-MI",2020-12-01,13500,14400,-900,-0.0625
18,43780,60,60000000,Professional and Business Services,"South Bend-Mishawaka, IN-MI",2021-01-01,13500,14000,-500,-0.03571428571428571
18,43780,60,60000000,Professional and Business Services,"South Bend-Mishawaka, IN-MI",2021-02-01,13500,14000,-500,-0.03571428571428571
18,43780,60,60000000,Professional and Business Services,"South Bend-Mishawaka, IN-MI",2021-03-01,13500,14000,-500,-0.03571428571428571
18,43780,65,65000000,Education and Health Services,"South Bend-Mishawaka, IN-MI",2019-01-01,39500,NA,NA,NA
18,43780,65,65000000,Education and Health Services,"South Bend-Mishawaka, IN-MI",2019-02-01,40200,NA,NA,NA
18,43780,65,65000000,Education and Health Services,"South Bend-Mishawaka, IN-MI",2019-03-01,40300,NA,NA,NA
18,43780,65,65000000,Education and Health Services,"South Bend-Mishawaka, IN-MI",2019-04-01,39200,NA,NA,NA
18,43780,65,65000000,Education and Health Services,"South Bend-Mishawaka, IN-MI",2019-05-01,39000,NA,NA,NA
18,43780,65,65000000,Education and Health Services,"South Bend-Mishawaka, IN-MI",2019-06-01,38900,NA,NA,NA
18,43780,65,65000000,Education and Health Services,"South Bend-Mishawaka, IN-MI",2019-07-01,39100,NA,NA,NA
18,43780,65,65000000,Education and Health Services,"South Bend-Mishawaka, IN-MI",2019-08-01,39700,NA,NA,NA
18,43780,65,65000000,Education and Health Services,"South Bend-Mishawaka, IN-MI",2019-09-01,40300,NA,NA,NA
18,43780,65,65000000,Education and Health Services,"South Bend-Mishawaka, IN-MI",2019-10-01,39700,NA,NA,NA
18,43780,65,65000000,Education and Health Services,"South Bend-Mishawaka, IN-MI",2019-11-01,40000,NA,NA,NA
18,43780,65,65000000,Education and Health Services,"South Bend-Mishawaka, IN-MI",2019-12-01,40200,NA,NA,NA
18,43780,65,65000000,Education and Health Services,"South Bend-Mishawaka, IN-MI",2020-01-01,38000,39500,-1500,-0.0379746835443038
18,43780,65,65000000,Education and Health Services,"South Bend-Mishawaka, IN-MI",2020-02-01,38000,40200,-2200,-0.05472636815920398
18,43780,65,65000000,Education and Health Services,"South Bend-Mishawaka, IN-MI",2020-03-01,37700,40300,-2600,-0.06451612903225806
18,43780,65,65000000,Education and Health Services,"South Bend-Mishawaka, IN-MI",2020-04-01,33900,39200,-5300,-0.13520408163265307
18,43780,65,65000000,Education and Health Services,"South Bend-Mishawaka, IN-MI",2020-05-01,34500,39000,-4500,-0.11538461538461539
18,43780,65,65000000,Education and Health Services,"South Bend-Mishawaka, IN-MI",2020-06-01,34400,38900,-4500,-0.11568123393316196
18,43780,65,65000000,Education and Health Services,"South Bend-Mishawaka, IN-MI",2020-07-01,34600,39100,-4500,-0.11508951406649616
18,43780,65,65000000,Education and Health Services,"South Bend-Mishawaka, IN-MI",2020-08-01,34500,39700,-5200,-0.1309823677581864
18,43780,65,65000000,Education and Health Services,"South Bend-Mishawaka, IN-MI",2020-09-01,34100,40300,-6200,-0.15384615384615385
18,43780,65,65000000,Education and Health Services,"South Bend-Mishawaka, IN-MI",2020-10-01,35400,39700,-4300,-0.10831234256926953
18,43780,65,65000000,Education and Health Services,"South Bend-Mishawaka, IN-MI",2020-11-01,35700,40000,-4300,-0.1075
18,43780,65,65000000,Education and Health Services,"South Bend-Mishawaka, IN-MI",2020-12-01,35500,40200,-4700,-0.11691542288557213
18,43780,65,65000000,Education and Health Services,"South Bend-Mishawaka, IN-MI",2021-01-01,35500,38000,-2500,-0.06578947368421052
18,43780,65,65000000,Education and Health Services,"South Bend-Mishawaka, IN-MI",2021-02-01,36700,38000,-1300,-0.034210526315789476
18,43780,65,65000000,Education and Health Services,"South Bend-Mishawaka, IN-MI",2021-03-01,36500,37700,-1200,-0.03183023872679045
18,43780,65,65622000,Hospitals,"South Bend-Mishawaka, IN-MI",2019-01-01,6500,NA,NA,NA
18,43780,65,65622000,Hospitals,"South Bend-Mishawaka, IN-MI",2019-02-01,6500,NA,NA,NA
18,43780,65,65622000,Hospitals,"South Bend-Mishawaka, IN-MI",2019-03-01,6600,NA,NA,NA
18,43780,65,65622000,Hospitals,"South Bend-Mishawaka, IN-MI",2019-04-01,6300,NA,NA,NA
18,43780,65,65622000,Hospitals,"South Bend-Mishawaka, IN-MI",2019-05-01,6400,NA,NA,NA
18,43780,65,65622000,Hospitals,"South Bend-Mishawaka, IN-MI",2019-06-01,6500,NA,NA,NA
18,43780,65,65622000,Hospitals,"South Bend-Mishawaka, IN-MI",2019-07-01,6500,NA,NA,NA
18,43780,65,65622000,Hospitals,"South Bend-Mishawaka, IN-MI",2019-08-01,6500,NA,NA,NA
18,43780,65,65622000,Hospitals,"South Bend-Mishawaka, IN-MI",2019-09-01,6500,NA,NA,NA
18,43780,65,65622000,Hospitals,"South Bend-Mishawaka, IN-MI",2019-10-01,6500,NA,NA,NA
18,43780,65,65622000,Hospitals,"South Bend-Mishawaka, IN-MI",2019-11-01,6600,NA,NA,NA
18,43780,65,65622000,Hospitals,"South Bend-Mishawaka, IN-MI",2019-12-01,6500,NA,NA,NA
18,43780,65,65622000,Hospitals,"South Bend-Mishawaka, IN-MI",2020-01-01,6300,6500,-200,-0.03076923076923077
18,43780,65,65622000,Hospitals,"South Bend-Mishawaka, IN-MI",2020-02-01,6300,6500,-200,-0.03076923076923077
18,43780,65,65622000,Hospitals,"South Bend-Mishawaka, IN-MI",2020-03-01,6300,6600,-300,-0.045454545454545456
18,43780,65,65622000,Hospitals,"South Bend-Mishawaka, IN-MI",2020-04-01,6200,6300,-100,-0.015873015873015872
18,43780,65,65622000,Hospitals,"South Bend-Mishawaka, IN-MI",2020-05-01,6000,6400,-400,-0.0625
18,43780,65,65622000,Hospitals,"South Bend-Mishawaka, IN-MI",2020-06-01,6100,6500,-400,-0.06153846153846154
18,43780,65,65622000,Hospitals,"South Bend-Mishawaka, IN-MI",2020-07-01,6100,6500,-400,-0.06153846153846154
18,43780,65,65622000,Hospitals,"South Bend-Mishawaka, IN-MI",2020-08-01,6200,6500,-300,-0.046153846153846156
18,43780,65,65622000,Hospitals,"South Bend-Mishawaka, IN-MI",2020-09-01,6200,6500,-300,-0.046153846153846156
18,43780,65,65622000,Hospitals,"South Bend-Mishawaka, IN-MI",2020-10-01,6200,6500,-300,-0.046153846153846156
18,43780,65,65622000,Hospitals,"South Bend-Mishawaka, IN-MI",2020-11-01,6200,6600,-400,-0.06060606060606061
18,43780,65,65622000,Hospitals,"South Bend-Mishawaka, IN-MI",2020-12-01,6200,6500,-300,-0.046153846153846156
18,43780,65,65622000,Hospitals,"South Bend-Mishawaka, IN-MI",2021-01-01,6200,6300,-100,-0.015873015873015872
18,43780,65,65622000,Hospitals,"South Bend-Mishawaka, IN-MI",2021-02-01,6200,6300,-100,-0.015873015873015872
18,43780,65,65622000,Hospitals,"South Bend-Mishawaka, IN-MI",2021-03-01,6200,6300,-100,-0.015873015873015872
18,43780,70,70000000,Leisure and Hospitality,"South Bend-Mishawaka, IN-MI",2019-01-01,14200,NA,NA,NA
18,43780,70,70000000,Leisure and Hospitality,"South Bend-Mishawaka, IN-MI",2019-02-01,14200,NA,NA,NA
18,43780,70,70000000,Leisure and Hospitality,"South Bend-Mishawaka, IN-MI",2019-03-01,14400,NA,NA,NA
18,43780,70,70000000,Leisure and Hospitality,"South Bend-Mishawaka, IN-MI",2019-04-01,14800,NA,NA,NA
18,43780,70,70000000,Leisure and Hospitality,"South Bend-Mishawaka, IN-MI",2019-05-01,15300,NA,NA,NA
18,43780,70,70000000,Leisure and Hospitality,"South Bend-Mishawaka, IN-MI",2019-06-01,15400,NA,NA,NA
18,43780,70,70000000,Leisure and Hospitality,"South Bend-Mishawaka, IN-MI",2019-07-01,15300,NA,NA,NA
18,43780,70,70000000,Leisure and Hospitality,"South Bend-Mishawaka, IN-MI",2019-08-01,15300,NA,NA,NA
18,43780,70,70000000,Leisure and Hospitality,"South Bend-Mishawaka, IN-MI",2019-09-01,15100,NA,NA,NA
18,43780,70,70000000,Leisure and Hospitality,"South Bend-Mishawaka, IN-MI",2019-10-01,14800,NA,NA,NA
18,43780,70,70000000,Leisure and Hospitality,"South Bend-Mishawaka, IN-MI",2019-11-01,14400,NA,NA,NA
18,43780,70,70000000,Leisure and Hospitality,"South Bend-Mishawaka, IN-MI",2019-12-01,14400,NA,NA,NA
18,43780,70,70000000,Leisure and Hospitality,"South Bend-Mishawaka, IN-MI",2020-01-01,14100,14200,-100,-0.007042253521126761
18,43780,70,70000000,Leisure and Hospitality,"South Bend-Mishawaka, IN-MI",2020-02-01,14200,14200,0,0
18,43780,70,70000000,Leisure and Hospitality,"South Bend-Mishawaka, IN-MI",2020-03-01,13900,14400,-500,-0.034722222222222224
18,43780,70,70000000,Leisure and Hospitality,"South Bend-Mishawaka, IN-MI",2020-04-01,8400,14800,-6400,-0.43243243243243246
18,43780,70,70000000,Leisure and Hospitality,"South Bend-Mishawaka, IN-MI",2020-05-01,10100,15300,-5200,-0.33986928104575165
18,43780,70,70000000,Leisure and Hospitality,"South Bend-Mishawaka, IN-MI",2020-06-01,11700,15400,-3700,-0.24025974025974026
18,43780,70,70000000,Leisure and Hospitality,"South Bend-Mishawaka, IN-MI",2020-07-01,12500,15300,-2800,-0.1830065359477124
18,43780,70,70000000,Leisure and Hospitality,"South Bend-Mishawaka, IN-MI",2020-08-01,12900,15300,-2400,-0.1568627450980392
18,43780,70,70000000,Leisure and Hospitality,"South Bend-Mishawaka, IN-MI",2020-09-01,12700,15100,-2400,-0.15894039735099338
18,43780,70,70000000,Leisure and Hospitality,"South Bend-Mishawaka, IN-MI",2020-10-01,12400,14800,-2400,-0.16216216216216217
18,43780,70,70000000,Leisure and Hospitality,"South Bend-Mishawaka, IN-MI",2020-11-01,12100,14400,-2300,-0.1597222222222222
18,43780,70,70000000,Leisure and Hospitality,"South Bend-Mishawaka, IN-MI",2020-12-01,11400,14400,-3000,-0.20833333333333334
18,43780,70,70000000,Leisure and Hospitality,"South Bend-Mishawaka, IN-MI",2021-01-01,11000,14100,-3100,-0.2198581560283688
18,43780,70,70000000,Leisure and Hospitality,"South Bend-Mishawaka, IN-MI",2021-02-01,11800,14200,-2400,-0.16901408450704225
18,43780,70,70000000,Leisure and Hospitality,"South Bend-Mishawaka, IN-MI",2021-03-01,12200,13900,-1700,-0.1223021582733813
18,43780,70,70722000,Food Services and Drinking Places,"South Bend-Mishawaka, IN-MI",2019-01-01,11300,NA,NA,NA
18,43780,70,70722000,Food Services and Drinking Places,"South Bend-Mishawaka, IN-MI",2019-02-01,11300,NA,NA,NA
18,43780,70,70722000,Food Services and Drinking Places,"South Bend-Mishawaka, IN-MI",2019-03-01,11500,NA,NA,NA
18,43780,70,70722000,Food Services and Drinking Places,"South Bend-Mishawaka, IN-MI",2019-04-01,11600,NA,NA,NA
18,43780,70,70722000,Food Services and Drinking Places,"South Bend-Mishawaka, IN-MI",2019-05-01,11900,NA,NA,NA
18,43780,70,70722000,Food Services and Drinking Places,"South Bend-Mishawaka, IN-MI",2019-06-01,11800,NA,NA,NA
18,43780,70,70722000,Food Services and Drinking Places,"South Bend-Mishawaka, IN-MI",2019-07-01,11700,NA,NA,NA
18,43780,70,70722000,Food Services and Drinking Places,"South Bend-Mishawaka, IN-MI",2019-08-01,11800,NA,NA,NA
18,43780,70,70722000,Food Services and Drinking Places,"South Bend-Mishawaka, IN-MI",2019-09-01,11600,NA,NA,NA
18,43780,70,70722000,Food Services and Drinking Places,"South Bend-Mishawaka, IN-MI",2019-10-01,11500,NA,NA,NA
18,43780,70,70722000,Food Services and Drinking Places,"South Bend-Mishawaka, IN-MI",2019-11-01,11400,NA,NA,NA
18,43780,70,70722000,Food Services and Drinking Places,"South Bend-Mishawaka, IN-MI",2019-12-01,11400,NA,NA,NA
18,43780,70,70722000,Food Services and Drinking Places,"South Bend-Mishawaka, IN-MI",2020-01-01,11200,11300,-100,-0.008849557522123894
18,43780,70,70722000,Food Services and Drinking Places,"South Bend-Mishawaka, IN-MI",2020-02-01,11200,11300,-100,-0.008849557522123894
18,43780,70,70722000,Food Services and Drinking Places,"South Bend-Mishawaka, IN-MI",2020-03-01,10900,11500,-600,-0.05217391304347826
18,43780,70,70722000,Food Services and Drinking Places,"South Bend-Mishawaka, IN-MI",2020-04-01,6500,11600,-5100,-0.4396551724137931
18,43780,70,70722000,Food Services and Drinking Places,"South Bend-Mishawaka, IN-MI",2020-05-01,8400,11900,-3500,-0.29411764705882354
18,43780,70,70722000,Food Services and Drinking Places,"South Bend-Mishawaka, IN-MI",2020-06-01,9300,11800,-2500,-0.211864406779661
18,43780,70,70722000,Food Services and Drinking Places,"South Bend-Mishawaka, IN-MI",2020-07-01,9800,11700,-1900,-0.1623931623931624
18,43780,70,70722000,Food Services and Drinking Places,"South Bend-Mishawaka, IN-MI",2020-08-01,10100,11800,-1700,-0.1440677966101695
18,43780,70,70722000,Food Services and Drinking Places,"South Bend-Mishawaka, IN-MI",2020-09-01,9900,11600,-1700,-0.14655172413793102
18,43780,70,70722000,Food Services and Drinking Places,"South Bend-Mishawaka, IN-MI",2020-10-01,9900,11500,-1600,-0.1391304347826087
18,43780,70,70722000,Food Services and Drinking Places,"South Bend-Mishawaka, IN-MI",2020-11-01,9800,11400,-1600,-0.14035087719298245
18,43780,70,70722000,Food Services and Drinking Places,"South Bend-Mishawaka, IN-MI",2020-12-01,9300,11400,-2100,-0.18421052631578946
18,43780,70,70722000,Food Services and Drinking Places,"South Bend-Mishawaka, IN-MI",2021-01-01,9000,11200,-2200,-0.19642857142857142
18,43780,70,70722000,Food Services and Drinking Places,"South Bend-Mishawaka, IN-MI",2021-02-01,9100,11200,-2100,-0.1875
18,43780,70,70722000,Food Services and Drinking Places,"South Bend-Mishawaka, IN-MI",2021-03-01,9300,10900,-1600,-0.14678899082568808
18,43780,80,80000000,Other Services,"South Bend-Mishawaka, IN-MI",2019-01-01,6000,NA,NA,NA
18,43780,80,80000000,Other Services,"South Bend-Mishawaka, IN-MI",2019-02-01,5900,NA,NA,NA
18,43780,80,80000000,Other Services,"South Bend-Mishawaka, IN-MI",2019-03-01,6000,NA,NA,NA
18,43780,80,80000000,Other Services,"South Bend-Mishawaka, IN-MI",2019-04-01,5900,NA,NA,NA
18,43780,80,80000000,Other Services,"South Bend-Mishawaka, IN-MI",2019-05-01,6000,NA,NA,NA
18,43780,80,80000000,Other Services,"South Bend-Mishawaka, IN-MI",2019-06-01,6100,NA,NA,NA
18,43780,80,80000000,Other Services,"South Bend-Mishawaka, IN-MI",2019-07-01,6400,NA,NA,NA
18,43780,80,80000000,Other Services,"South Bend-Mishawaka, IN-MI",2019-08-01,6400,NA,NA,NA
18,43780,80,80000000,Other Services,"South Bend-Mishawaka, IN-MI",2019-09-01,6400,NA,NA,NA
18,43780,80,80000000,Other Services,"South Bend-Mishawaka, IN-MI",2019-10-01,6500,NA,NA,NA
18,43780,80,80000000,Other Services,"South Bend-Mishawaka, IN-MI",2019-11-01,6600,NA,NA,NA
18,43780,80,80000000,Other Services,"South Bend-Mishawaka, IN-MI",2019-12-01,6600,NA,NA,NA
18,43780,80,80000000,Other Services,"South Bend-Mishawaka, IN-MI",2020-01-01,6200,6000,200,0.03333333333333333
18,43780,80,80000000,Other Services,"South Bend-Mishawaka, IN-MI",2020-02-01,6200,5900,300,0.05084745762711865
18,43780,80,80000000,Other Services,"South Bend-Mishawaka, IN-MI",2020-03-01,5700,6000,-300,-0.05
18,43780,80,80000000,Other Services,"South Bend-Mishawaka, IN-MI",2020-04-01,4200,5900,-1700,-0.288135593220339
18,43780,80,80000000,Other Services,"South Bend-Mishawaka, IN-MI",2020-05-01,4700,6000,-1300,-0.21666666666666667
18,43780,80,80000000,Other Services,"South Bend-Mishawaka, IN-MI",2020-06-01,5000,6100,-1100,-0.18032786885245902
18,43780,80,80000000,Other Services,"South Bend-Mishawaka, IN-MI",2020-07-01,4800,6400,-1600,-0.25
18,43780,80,80000000,Other Services,"South Bend-Mishawaka, IN-MI",2020-08-01,4900,6400,-1500,-0.234375
18,43780,80,80000000,Other Services,"South Bend-Mishawaka, IN-MI",2020-09-01,4800,6400,-1600,-0.25
18,43780,80,80000000,Other Services,"South Bend-Mishawaka, IN-MI",2020-10-01,4800,6500,-1700,-0.26153846153846155
18,43780,80,80000000,Other Services,"South Bend-Mishawaka, IN-MI",2020-11-01,4800,6600,-1800,-0.2727272727272727
18,43780,80,80000000,Other Services,"South Bend-Mishawaka, IN-MI",2020-12-01,4800,6600,-1800,-0.2727272727272727
18,43780,80,80000000,Other Services,"South Bend-Mishawaka, IN-MI",2021-01-01,4600,6200,-1600,-0.25806451612903225
18,43780,80,80000000,Other Services,"South Bend-Mishawaka, IN-MI",2021-02-01,4600,6200,-1600,-0.25806451612903225
18,43780,80,80000000,Other Services,"South Bend-Mishawaka, IN-MI",2021-03-01,4600,5700,-1100,-0.19298245614035087
18,43780,90,90000000,Government,"South Bend-Mishawaka, IN-MI",2019-01-01,15100,NA,NA,NA
18,43780,90,90000000,Government,"South Bend-Mishawaka, IN-MI",2019-02-01,15200,NA,NA,NA
18,43780,90,90000000,Government,"South Bend-Mishawaka, IN-MI",2019-03-01,15300,NA,NA,NA
18,43780,90,90000000,Government,"South Bend-Mishawaka, IN-MI",2019-04-01,14900,NA,NA,NA
18,43780,90,90000000,Government,"South Bend-Mishawaka, IN-MI",2019-05-01,14900,NA,NA,NA
18,43780,90,90000000,Government,"South Bend-Mishawaka, IN-MI",2019-06-01,14700,NA,NA,NA
18,43780,90,90000000,Government,"South Bend-Mishawaka, IN-MI",2019-07-01,13700,NA,NA,NA
18,43780,90,90000000,Government,"South Bend-Mishawaka, IN-MI",2019-08-01,13800,NA,NA,NA
18,43780,90,90000000,Government,"South Bend-Mishawaka, IN-MI",2019-09-01,15100,NA,NA,NA
18,43780,90,90000000,Government,"South Bend-Mishawaka, IN-MI",2019-10-01,15300,NA,NA,NA
18,43780,90,90000000,Government,"South Bend-Mishawaka, IN-MI",2019-11-01,15400,NA,NA,NA
18,43780,90,90000000,Government,"South Bend-Mishawaka, IN-MI",2019-12-01,15400,NA,NA,NA
18,43780,90,90000000,Government,"South Bend-Mishawaka, IN-MI",2020-01-01,15300,15100,200,0.013245033112582781
18,43780,90,90000000,Government,"South Bend-Mishawaka, IN-MI",2020-02-01,15300,15200,100,0.006578947368421052
18,43780,90,90000000,Government,"South Bend-Mishawaka, IN-MI",2020-03-01,15400,15300,100,0.006535947712418301
18,43780,90,90000000,Government,"South Bend-Mishawaka, IN-MI",2020-04-01,14500,14900,-400,-0.026845637583892617
18,43780,90,90000000,Government,"South Bend-Mishawaka, IN-MI",2020-05-01,14700,14900,-200,-0.013422818791946308
18,43780,90,90000000,Government,"South Bend-Mishawaka, IN-MI",2020-06-01,14700,14700,0,0
18,43780,90,90000000,Government,"South Bend-Mishawaka, IN-MI",2020-07-01,13000,13700,-700,-0.051094890510948905
18,43780,90,90000000,Government,"South Bend-Mishawaka, IN-MI",2020-08-01,13600,13800,-200,-0.014492753623188406
18,43780,90,90000000,Government,"South Bend-Mishawaka, IN-MI",2020-09-01,14400,15100,-700,-0.046357615894039736
18,43780,90,90000000,Government,"South Bend-Mishawaka, IN-MI",2020-10-01,14700,15300,-600,-0.0392156862745098
18,43780,90,90000000,Government,"South Bend-Mishawaka, IN-MI",2020-11-01,14600,15400,-800,-0.05194805194805195
18,43780,90,90000000,Government,"South Bend-Mishawaka, IN-MI",2020-12-01,14300,15400,-1100,-0.07142857142857142
18,43780,90,90000000,Government,"South Bend-Mishawaka, IN-MI",2021-01-01,13900,15300,-1400,-0.0915032679738562
18,43780,90,90000000,Government,"South Bend-Mishawaka, IN-MI",2021-02-01,14300,15300,-1000,-0.06535947712418301
18,43780,90,90000000,Government,"South Bend-Mishawaka, IN-MI",2021-03-01,14300,15400,-1100,-0.07142857142857142
18,43780,90,90910000,Federal Government,"South Bend-Mishawaka, IN-MI",2019-01-01,900,NA,NA,NA
18,43780,90,90910000,Federal Government,"South Bend-Mishawaka, IN-MI",2019-02-01,900,NA,NA,NA
18,43780,90,90910000,Federal Government,"South Bend-Mishawaka, IN-MI",2019-03-01,900,NA,NA,NA
18,43780,90,90910000,Federal Government,"South Bend-Mishawaka, IN-MI",2019-04-01,900,NA,NA,NA
18,43780,90,90910000,Federal Government,"South Bend-Mishawaka, IN-MI",2019-05-01,900,NA,NA,NA
18,43780,90,90910000,Federal Government,"South Bend-Mishawaka, IN-MI",2019-06-01,900,NA,NA,NA
18,43780,90,90910000,Federal Government,"South Bend-Mishawaka, IN-MI",2019-07-01,900,NA,NA,NA
18,43780,90,90910000,Federal Government,"South Bend-Mishawaka, IN-MI",2019-08-01,1000,NA,NA,NA
18,43780,90,90910000,Federal Government,"South Bend-Mishawaka, IN-MI",2019-09-01,1000,NA,NA,NA
18,43780,90,90910000,Federal Government,"South Bend-Mishawaka, IN-MI",2019-10-01,900,NA,NA,NA
18,43780,90,90910000,Federal Government,"South Bend-Mishawaka, IN-MI",2019-11-01,900,NA,NA,NA
18,43780,90,90910000,Federal Government,"South Bend-Mishawaka, IN-MI",2019-12-01,900,NA,NA,NA
18,43780,90,90910000,Federal Government,"South Bend-Mishawaka, IN-MI",2020-01-01,900,900,0,0
18,43780,90,90910000,Federal Government,"South Bend-Mishawaka, IN-MI",2020-02-01,900,900,0,0
18,43780,90,90910000,Federal Government,"South Bend-Mishawaka, IN-MI",2020-03-01,900,900,0,0
18,43780,90,90910000,Federal Government,"South Bend-Mishawaka, IN-MI",2020-04-01,900,900,0,0
18,43780,90,90910000,Federal Government,"South Bend-Mishawaka, IN-MI",2020-05-01,1000,900,100,0.1111111111111111
18,43780,90,90910000,Federal Government,"South Bend-Mishawaka, IN-MI",2020-06-01,900,900,0,0
18,43780,90,90910000,Federal Government,"South Bend-Mishawaka, IN-MI",2020-07-01,900,900,0,0
18,43780,90,90910000,Federal Government,"South Bend-Mishawaka, IN-MI",2020-08-01,1100,1000,100,0.1
18,43780,90,90910000,Federal Government,"South Bend-Mishawaka, IN-MI",2020-09-01,1100,1000,100,0.1
18,43780,90,90910000,Federal Government,"South Bend-Mishawaka, IN-MI",2020-10-01,1000,900,100,0.1111111111111111
18,43780,90,90910000,Federal Government,"South Bend-Mishawaka, IN-MI",2020-11-01,900,900,0,0
18,43780,90,90910000,Federal Government,"South Bend-Mishawaka, IN-MI",2020-12-01,900,900,0,0
18,43780,90,90910000,Federal Government,"South Bend-Mishawaka, IN-MI",2021-01-01,900,900,0,0
18,43780,90,90910000,Federal Government,"South Bend-Mishawaka, IN-MI",2021-02-01,900,900,0,0
18,43780,90,90910000,Federal Government,"South Bend-Mishawaka, IN-MI",2021-03-01,900,900,0,0
18,43780,90,90920000,State Government,"South Bend-Mishawaka, IN-MI",2019-01-01,2100,NA,NA,NA
18,43780,90,90920000,State Government,"South Bend-Mishawaka, IN-MI",2019-02-01,2200,NA,NA,NA
18,43780,90,90920000,State Government,"South Bend-Mishawaka, IN-MI",2019-03-01,2200,NA,NA,NA
18,43780,90,90920000,State Government,"South Bend-Mishawaka, IN-MI",2019-04-01,2200,NA,NA,NA
18,43780,90,90920000,State Government,"South Bend-Mishawaka, IN-MI",2019-05-01,2100,NA,NA,NA
18,43780,90,90920000,State Government,"South Bend-Mishawaka, IN-MI",2019-06-01,2000,NA,NA,NA
18,43780,90,90920000,State Government,"South Bend-Mishawaka, IN-MI",2019-07-01,2000,NA,NA,NA
18,43780,90,90920000,State Government,"South Bend-Mishawaka, IN-MI",2019-08-01,2000,NA,NA,NA
18,43780,90,90920000,State Government,"South Bend-Mishawaka, IN-MI",2019-09-01,2200,NA,NA,NA
18,43780,90,90920000,State Government,"South Bend-Mishawaka, IN-MI",2019-10-01,2200,NA,NA,NA
18,43780,90,90920000,State Government,"South Bend-Mishawaka, IN-MI",2019-11-01,2200,NA,NA,NA
18,43780,90,90920000,State Government,"South Bend-Mishawaka, IN-MI",2019-12-01,2200,NA,NA,NA
18,43780,90,90920000,State Government,"South Bend-Mishawaka, IN-MI",2020-01-01,2200,2100,100,0.047619047619047616
18,43780,90,90920000,State Government,"South Bend-Mishawaka, IN-MI",2020-02-01,2200,2200,0,0
18,43780,90,90920000,State Government,"South Bend-Mishawaka, IN-MI",2020-03-01,2200,2200,0,0
18,43780,90,90920000,State Government,"South Bend-Mishawaka, IN-MI",2020-04-01,2100,2200,-100,-0.045454545454545456
18,43780,90,90920000,State Government,"South Bend-Mishawaka, IN-MI",2020-05-01,2100,2100,0,0
18,43780,90,90920000,State Government,"South Bend-Mishawaka, IN-MI",2020-06-01,1900,2000,-100,-0.05
18,43780,90,90920000,State Government,"South Bend-Mishawaka, IN-MI",2020-07-01,1900,2000,-100,-0.05
18,43780,90,90920000,State Government,"South Bend-Mishawaka, IN-MI",2020-08-01,1900,2000,-100,-0.05
18,43780,90,90920000,State Government,"South Bend-Mishawaka, IN-MI",2020-09-01,2000,2200,-200,-0.09090909090909091
18,43780,90,90920000,State Government,"South Bend-Mishawaka, IN-MI",2020-10-01,2000,2200,-200,-0.09090909090909091
18,43780,90,90920000,State Government,"South Bend-Mishawaka, IN-MI",2020-11-01,2000,2200,-200,-0.09090909090909091
18,43780,90,90920000,State Government,"South Bend-Mishawaka, IN-MI",2020-12-01,2000,2200,-200,-0.09090909090909091
18,43780,90,90920000,State Government,"South Bend-Mishawaka, IN-MI",2021-01-01,1800,2200,-400,-0.18181818181818182
18,43780,90,90920000,State Government,"South Bend-Mishawaka, IN-MI",2021-02-01,2000,2200,-200,-0.09090909090909091
18,43780,90,90920000,State Government,"South Bend-Mishawaka, IN-MI",2021-03-01,2000,2200,-200,-0.09090909090909091
18,43780,90,90930000,Local Government,"South Bend-Mishawaka, IN-MI",2019-01-01,12100,NA,NA,NA
18,43780,90,90930000,Local Government,"South Bend-Mishawaka, IN-MI",2019-02-01,12100,NA,NA,NA
18,43780,90,90930000,Local Government,"South Bend-Mishawaka, IN-MI",2019-03-01,12200,NA,NA,NA
18,43780,90,90930000,Local Government,"South Bend-Mishawaka, IN-MI",2019-04-01,11800,NA,NA,NA
18,43780,90,90930000,Local Government,"South Bend-Mishawaka, IN-MI",2019-05-01,11900,NA,NA,NA
18,43780,90,90930000,Local Government,"South Bend-Mishawaka, IN-MI",2019-06-01,11800,NA,NA,NA
18,43780,90,90930000,Local Government,"South Bend-Mishawaka, IN-MI",2019-07-01,10800,NA,NA,NA
18,43780,90,90930000,Local Government,"South Bend-Mishawaka, IN-MI",2019-08-01,10800,NA,NA,NA
18,43780,90,90930000,Local Government,"South Bend-Mishawaka, IN-MI",2019-09-01,11900,NA,NA,NA
18,43780,90,90930000,Local Government,"South Bend-Mishawaka, IN-MI",2019-10-01,12200,NA,NA,NA
18,43780,90,90930000,Local Government,"South Bend-Mishawaka, IN-MI",2019-11-01,12300,NA,NA,NA
18,43780,90,90930000,Local Government,"South Bend-Mishawaka, IN-MI",2019-12-01,12300,NA,NA,NA
18,43780,90,90930000,Local Government,"South Bend-Mishawaka, IN-MI",2020-01-01,12200,12100,100,0.008264462809917356
18,43780,90,90930000,Local Government,"South Bend-Mishawaka, IN-MI",2020-02-01,12200,12100,100,0.008264462809917356
18,43780,90,90930000,Local Government,"South Bend-Mishawaka, IN-MI",2020-03-01,12300,12200,100,0.00819672131147541
18,43780,90,90930000,Local Government,"South Bend-Mishawaka, IN-MI",2020-04-01,11500,11800,-300,-0.025423728813559324
18,43780,90,90930000,Local Government,"South Bend-Mishawaka, IN-MI",2020-05-01,11600,11900,-300,-0.025210084033613446
18,43780,90,90930000,Local Government,"South Bend-Mishawaka, IN-MI",2020-06-01,11900,11800,100,0.00847457627118644
18,43780,90,90930000,Local Government,"South Bend-Mishawaka, IN-MI",2020-07-01,10200,10800,-600,-0.05555555555555555
18,43780,90,90930000,Local Government,"South Bend-Mishawaka, IN-MI",2020-08-01,10600,10800,-200,-0.018518518518518517
18,43780,90,90930000,Local Government,"South Bend-Mishawaka, IN-MI",2020-09-01,11300,11900,-600,-0.05042016806722689
18,43780,90,90930000,Local Government,"South Bend-Mishawaka, IN-MI",2020-10-01,11700,12200,-500,-0.040983606557377046
18,43780,90,90930000,Local Government,"South Bend-Mishawaka, IN-MI",2020-11-01,11700,12300,-600,-0.04878048780487805
18,43780,90,90930000,Local Government,"South Bend-Mishawaka, IN-MI",2020-12-01,11400,12300,-900,-0.07317073170731707
18,43780,90,90930000,Local Government,"South Bend-Mishawaka, IN-MI",2021-01-01,11200,12200,-1000,-0.08196721311475409
18,43780,90,90930000,Local Government,"South Bend-Mishawaka, IN-MI",2021-02-01,11400,12200,-800,-0.06557377049180328
18,43780,90,90930000,Local Government,"South Bend-Mishawaka, IN-MI",2021-03-01,11400,12300,-900,-0.07317073170731707
